"","Peptide1","Peptide2","Peptide3"
"GFBM_DN100051_c0_g1_i1_g764581_m764581","VCFDDIQQTTLYSTHIIR","GANIGANDVNSDRPSFK","DLAESLGR"
"GFBM_DN100172_c0_g2_i1_g780005_m780005","LADLEEFIAAPNHADIQK","LLYNNVSNFAR","IYIDANSNPER"
"GFBM_DN100270_c0_g1_i1_g469293_m469293","QGVLGIQVK","GCEVVVSGK",NA
"GFBM_DN100338_c0_g1_i1_g512690_m512690","VVAQFLAAQAK","HGLQYEVR","DNIGAQVLR"
"GFBM_DN100489_c0_g2_i2_g139533_m139533","LFTLTALR","DVLNTTAHR","LQLLGLPDQK"
"GFBM_DN100564_c0_g2_i1_g725084_m725084","SILVNYDR","SLVAYYQK",NA
"GFBM_DN100700_c0_g1_i1_g545648_m545648","FGQPEINLGTIPGAGGTQR","QACDWGLVSSVHPPETLVDEAVK","AFAAGADIK"
"GFBM_DN100706_c0_g1_i1_g470533_m470533","ENLDWLSR","AAVEALGFLLFR","HGGCLGLGLAALGTQR"
"GFBM_DN100753_c0_g1_i1_g470850_m470850","DVNQQIFVK","SLTSQGQR",NA
"GFBM_DN100835_c0_g1_i1_g622737_m622737","AIYPAPVR","MGFIPEGWFELLYNK",NA
"GFBM_DN101087_c0_g1_i1_g198854_m198854","SLTPLMEEVR","NMPLLPSEAPWPAGIASFMR","EVAGLTTIQAIELVR"
"GFBM_DN101118_c0_g1_i1_g771070_m771070","HSGNLSLDQIIEIAR","IGPLGLSPK","CVGGEVAATSSLAPK"
"GFBM_DN101124_c0_g1_i1_g771163_m771163","VQAEISR","TITELVSNPR","YHLVVPR"
"GFBM_DN101137_c0_g1_i1_g771182_m771182","GVPLTDAFPLLK","SWLQDEAHALLVLR","LIMWQLHR"
"GFBM_DN101224_c0_g1_i1_g158377_m158377","NSPLQNVVVDSSQR","STLYPCPDSATER","SADIDIVDTGENPEAPQPR"
"GFBM_DN101342_c0_g2_i1_g595032_m595032","NLGLEYVDLYLIHLPIGLK","YFVQQGISVVPK","SVGVSNFNVK"
"GFBM_DN101376_c0_g1_i1_g595327_m595327","VLHEAEGHTVTVETLLGEVYR","LENVFIR",NA
"GFBM_DN101596_c0_g1_i2_g253580_m253580","SIPFAKPPTGELR","HWVTHADELIYLFGAPTGER","LGTLGFLSTEDK"
"GFBM_DN101629_c0_g1_i1_g538453_m538453","FYGPGGPYAAFAGHDATR",NA,NA
"GFBM_DN101810_c0_g1_i2_g237296_m237296","THTTISGVAHNAFPNDVDALLSLR","FSNPFPAAVR","AVTNEDVTQEELGGAR"
"GFBM_DN101811_c0_g2_i1_g237061_m237061","LLASGHVKPDGVSVK","YIPEHGPLSR","VNIGQPIISVR"
"GFBM_DN101894_c0_g1_i1_g237069_m237069","NFGFVFK","FALDNDNLLLR","VVVGDVIR"
"GFBM_DN102119_c0_g1_i2_g278650_m278650","VAQVTGGVPSK",NA,NA
"GFBM_DN102190_c0_g1_i1_g278284_m278284","TAANVEEAFINTAR","LQIWDTAGQEAFR","MITIDNK"
"GFBM_DN102203_c0_g1_i1_g778596_m778596","VLDNMGEWCQK","VVDVSTVK","QHGQSGLTEK"
"GFBM_DN102222_c0_g1_i1_g778625_m778625","IESWGTVCSPWGYTEPYWIDGGR",NA,NA
"GFBM_DN102222_c0_g1_i2_g778628_m778628","NGGSLEECGADWDCSELTVR","TESWGTVCSPWGYTEPYWIDGGR",NA
"GFBM_DN102231_c0_g1_i1_g778895_m778895","GVGASGSFR","SVTSGVLK",NA
"GFBM_DN102402_c0_g1_i1_g790839_m790839","DHHAGGFDIVR","AYISLPK","GVPIIITSDAR"
"GFBM_DN102472_c0_g1_i1_g790791_m790791","IPVPENTAYK","FSYVEMAFFYR","QDLTDNLR"
"GFBM_DN102601_c0_g1_i1_g110302_m110302","FNLWGGSVSIGHPFGATGVR","LMPHDLVR","LSLLSTLK"
"GFBM_DN102756_c0_g1_i1_g495242_m495242","DGLLFIKPDLTSHWK",NA,NA
"GFBM_DN102988_c0_g1_i1_g602732_m602732","HLTLSEVEGLSVEEQEAALHR","EMLDVLSNEGEALIPTLHDR","FVVEHQR"
"GFBM_DN103201_c0_g1_i1_g306855_m306855","VLEPEVLK","GAFATFDSK","TPAGPWAAEK"
"GFBM_DN103237_c0_g1_i1_g292737_m292737","IFSGAFHYFR","FLDQVLSR","SVTLSGDGSVVPLDILVENMGR"
"GFBM_DN103329_c0_g1_i1_g564313_m564313","LTPYLDR","WIVDLIR","HLVFPLMEFLSVR"
"GFBM_DN103359_c0_g1_i2_g563783_m563783","FMVTALPTIYHVK","SPGSYQMAVVSQFFK",NA
"GFBM_DN103396_c0_g1_i1_g563683_m563683","LGANSLLDLVVFGR","AFGGQSYDYGK","TYFSCTSAHTCTGDGTAMVSR"
"GFBM_DN103400_c0_g1_i1_g563827_m563827","TYFEQFGEVTDVFIPKPFR","MGGPFGR","SASNAFR"
"GFBM_DN103454_c0_g1_i1_g554563_m554563","HLNLPVFNSVAEAK","QAIEYGTLMVGGVSPGK","EQTGADATVIYVPPPFAAK"
"GFBM_DN103704_c1_g2_i1_g581539_m581539","VFLENVIR",NA,NA
"GFBM_DN103822_c0_g1_i1_g712382_m712382","IEIGLFGGSVPK","QLCLKPEGEGYAGSQFHR","IDACGEIEVPEPFHTEPEGVEDDV"
"GFBM_DN103832_c0_g1_i1_g712757_m712757","HNLPPYAVPIFLR","GGPVSLAPPVPLEAFLANLR",NA
"GFBM_DN103948_c0_g1_i1_g745677_m745677","ASVAAAVSAAEQAFK","QLWLACQALR","IHDLSTFDILDR"
"GFBM_DN104038_c1_g1_i1_g641817_m641817","WPTSMLEHILPR","VCAYTNHTVLPEALER","IGEEWVVHLDELLK"
"GFBM_DN104128_c0_g1_i1_g90254_m90254","LNEWADSLHTLMAVVNR","LAGVVSFGTPPHHSTR","NLLQLFATEELIK"
"GFBM_DN104146_c0_g1_i1_g90369_m90369","IATVVIR","ILAENCGAPGQETVANLLAK","TVGAIILPK"
"GFBM_DN104160_c0_g1_i1_g89677_m89677","SIGNIVTGNDVQTDTVVK","AGIVSPLLSLVKPDAEYAFLR","TGCLEVFPALLR"
"GFBM_DN104203_c0_g1_i3_g261253_m261253","AAEIVSFAK","LEHVCNACSISVNK","MGTPALTSR"
"GFBM_DN104265_c0_g1_i1_g261373_m261373","SYVQLLR","QILQNYPNHGETQAMK","GELLLALNR"
"GFBM_DN104367_c0_g1_i1_g447404_m447404","LDPLVQQLEK","AIGIGAYLVR","VADGQQITDYR"
"GFBM_DN104378_c0_g1_i2_g446824_m446824","STYYHALLSTGDASLIAR","SIATLAITTLLK","LIEEEDTSVGESR"
"GFBM_DN104551_c0_g1_i1_g206952_m206952","HSMNPFDEIAVEEAIR","TALAMGADR","LSLADVGVTLK"
"GFBM_DN104662_c0_g1_i2_g435894_m435894","HLAIQAQPFMEDDQR",NA,NA
"GFBM_DN104748_c0_g1_i1_g530620_m530620","LCPALAAGNTVVLKPATNTR","TTQGTDEDVDAAVEAAAEAYK","LIDSIDPATSHVLAK"
"GFBM_DN104761_c1_g1_i2_g530249_m530249","ALADPVQSK","FFVPDVLQR","ATLFCPR"
"GFBM_DN104852_c0_g1_i9_g701155_m701155","SVMEDVIQEEAR","LWDGPEEFKPER","YGDIFSVR"
"GFBM_DN104944_c0_g1_i2_g543445_m543445","IASHGLVVVLPWK","WFYDALDPTTPR","SYIAGQVVSFVK"
"GFBM_DN104991_c0_g1_i1_g543528_m543528","VLLENHGVTIQR","VADFLLFTGPLR","SLGAAEFVVK"
"GFBM_DN105043_c0_g1_i1_g621338_m621338","LVSGTIHYFR","GYVYLEEQLVGLLAR","VVLFTTDGDGASYLK"
"GFBM_DN105071_c0_g1_i1_g621491_m621491","INITWVQPR","LLQEHAGPILTL","ALSLDLVR"
"GFBM_DN105160_c0_g1_i1_g620609_m620609","TLAGTIGKPEQYCTVR","LLGVPQDR","VVPDQLMVFGGK"
"GFBM_DN105251_c0_g1_i2_g576326_m576326","DINLDVLR","VLPIVPDSFVDVEFGTGAVK","FALCAYTSQGR"
"GFBM_DN105261_c0_g1_i1_g575538_m575538","HLIVLINK","IFDGQVVILEHK","GLCSWYDGPAFIPYIDALPALNR"
"GFBM_DN105301_c0_g1_i1_g575875_m575875","GVAGSPGPAGPR",NA,NA
"GFBM_DN105381_c0_g1_i1_g418537_m418537","LMAMYNC",NA,NA
"GFBM_DN105459_c0_g1_i1_g622534_m622534","LTQMHAR","QEVHNLLPR","TQELFLR"
"GFBM_DN105464_c0_g1_i2_g622389_m622389","YDWYESYNQAANEDQR","VPALATTGIK","FYLTGPDAAK"
"GFBM_DN105485_c0_g1_i1_g622115_m622115","FNDILGR","LIDWGLAEFYHPGQEYNVR","VLGTEELFEYVEK"
"GFBM_DN105664_c0_g1_i1_g732363_m732363","NLEPHWAEAASK","TAQGIVDAALK","ASQYNIQGFPTIK"
"GFBM_DN105716_c0_g1_i1_g477735_m477735","KPLVIEEIEVAPPHAGEVR","QFGVTEFVNPK","AAVAWEAK"
"GFBM_DN105911_c0_g1_i1_g206622_m206622","TLSGEVFNGVSFVVVELYR","ESFLHESTFPFLTLGLYTK","SINLSENK"
"GFBM_DN105918_c0_g1_i1_g206402_m206402","GSEIILGDQSHIFR","VLPLEWLDQLGSLCR","LVTHCNLASDAVAK"
"GFBM_DN106134_c0_g1_i1_g460989_m460989","EAYLAYQR","VATLIQVTDER","IIVQEVEYVQK"
"GFBM_DN106204_c0_g1_i1_g608636_m608636","GQTADGQVGPPR","SPNAWTLAGLK","EYDFMIR"
"GFBM_DN106415_c0_g1_i1_g340864_m340864","SHLVQIYEHLFK","HPELTTIPNLHVVK","LTNEGIQYLR"
"GFBM_DN106569_c0_g1_i1_g776638_m776638","FSVCFWHSFR","AALDDTLVFR","YSTWSGGLGAR"
"GFBM_DN106578_c0_g2_i10_g776959_m776959","SNQSTTPINDIR","QAVFDAVR","VGEMEFEALMR"
"GFBM_DN106587_c0_g1_i1_g777416_m777416","LTPLILASQK","LDVAPVSDVVAIK","TIYAGNAMQTIK"
"GFBM_DN106625_c0_g1_i1_g517138_m517138","QFVVGAVLR","LSLLPGLLR","HIALPLR"
"GFBM_DN106632_c4_g1_i1_g517249_m517249","EAFAEPATPETPVCPR",NA,NA
"GFBM_DN106632_c4_g2_i1_g517259_m517259",NA,NA,NA
"GFBM_DN106647_c0_g2_i1_g516310_m516310","LPHAAISSVAAGSFAGLPK","SFPFASLESLPILFK","ESGSVALDSLPASTFADK"
"GFBM_DN106912_c0_g1_i1_g319746_m319746","LVQVIQDPESR","SEANINPTENAIAAATK","SLVDLAETCPK"
"GFBM_DN107093_c1_g1_i1_g563017_m563017","CGSVVVR","TYAYLTPDLWK","ATYAAIAK"
"GFBM_DN107121_c0_g1_i1_g64977_m64977","IVSTILGDAALR","IGSAFLSK","AVWVPTPTWGNHVPIFK"
"GFBM_DN107334_c0_g1_i1_g648731_m648731","NPVSDTYIVFGEAK","HVAGVNR",NA
"GFBM_DN107374_c0_g1_i1_g648652_m648652","CLAFGPGWTPGSPR","WNDILTSTSHGIVYTVTSALMR",NA
"GFBM_DN107390_c0_g2_i1_g649451_m649451","YLALPEGGR","GIVIDGGSK","VAGDLGQVLFCPFHLCDEESIVK"
"GFBM_DN107407_c0_g1_i1_g485319_m485319","GDINEFNNCFTFACPK","YGDFFIR","VQGGPTLEQR"
"GFBM_DN107462_c0_g1_i1_g485962_m485962","ILDWYVDNTGTK","LASTWEGIQAAR","VSIEVDAR"
"GFBM_DN107483_c0_g1_i1_g486133_m486133","FADGDAWESR","KPEDWDDR","WIQSQNAGK"
"GFBM_DN107594_c0_g1_i1_g395927_m395927","ALENHLIYCATK","ALVTGAGAGIGR","AAVDSFTK"
"GFBM_DN107657_c0_g1_i2_g246772_m246772","QGLGTLAGR","LAASGSSLTYGGTK",NA
"GFBM_DN107657_c0_g5_i1_g246778_m246778","QGLGVLADR","TDNGLVNIDVN",NA
"GFBM_DN107745_c0_g1_i1_g637235_m637235","FGIQDPDAHDYR","VAEASIK","CNYFLNR"
"GFBM_DN107776_c0_g1_i1_g637533_m637533","TWETAVNNAAYFR","LLEQHHWFSLFNTR","AEAHSHAQCGVHGEK"
"GFBM_DN107796_c0_g2_i1_g637804_m637804","ELPGHTGYLSCCR","TFVSGACDASAK","LLLAGYDDFNCNVWDSMR"
"GFBM_DN107798_c0_g1_i1_g637359_m637359","LFNIPKPVELIIR","WVLTYMAAHPDVQAK","FVFNWLGISSYIEK"
"GFBM_DN107991_c1_g5_i1_g199173_m199173",NA,NA,NA
"GFBM_DN108062_c1_g1_i1_g353516_m353516","LLLPGELAK","EIQTAVR","IATEASR"
"GFBM_DN108067_c0_g1_i1_g353129_m353129","IQFTVAR","VGAAIQAK","ILAHTQQK"
"GFBM_DN108225_c0_g1_i1_g120916_m120916","ILVLSEMVGAIIGR","HTEFPLR","ILAHNNLIGR"
"GFBM_DN108323_c0_g1_i1_g107090_m107090","EHFSGLQGNINDPPSLPEPCR","AVEILSDIIQNSK","ACIHEDLAHSFQSFNTCYK"
"GFBM_DN108416_c0_g1_i1_g307948_m307948","CQNTGEPCDILASTCEGR","SSYDAIVEGIVQSIVR","LVATDADWTTK"
"GFBM_DN108422_c0_g1_i1_g308454_m308454","SDVFFLAK","TIISTIHQPSSEVFALFDR","NASGNTGHSILDDSSSSK"
"GFBM_DN108455_c0_g3_i1_g307365_m307365","GAATGAGDDFMNK","AVNGLHISSTLSTR",NA
"GFBM_DN108462_c0_g2_i1_g308188_m308188","VINSFLAFR","FSLFYGER","TVWWVLVR"
"GFBM_DN108474_c0_g2_i1_g307076_m307076","HLTVSNHADR","SVTDAFYR","YLLGAIEK"
"GFBM_DN108529_c1_g2_i2_g191693_m191693","ILVAKPLYVALAQR","MYTNVYLK","FSTAGPVLSIR"
"GFBM_DN108706_c0_g1_i1_g76617_m76617","GAVLSHHNLLNNAFFIGDR","KPLLGLTIGQAMAR","LPHLDTVVVMATEDLPGTFK"
"GFBM_DN108708_c3_g5_i1_g75762_m75762","TDSGEPIGR",NA,NA
"GFBM_DN108758_c0_g1_i1_g76610_m76610","GDLFLVR","AIGVKPPR","SAAPCVLFFDELDSIAK"
"GFBM_DN108766_c0_g2_i1_g76060_m76060","LDGMNVTELGALVK","IPVTEVAPTVQR","LLEYNQSR"
"GFBM_DN108826_c0_g1_i1_g80108_m80108","LYGLTDLYGASDHVR","EAPTTDNTFNDGNAVAFSR","SGSEEEFTFMIR"
"GFBM_DN108838_c0_g1_i1_g79958_m79958","IIASRPDITEK","FSDAEDVR",NA
"GFBM_DN108852_c0_g2_i1_g79416_m79416","TLDMEVIINHK","CFNGAHGINVPR","SYSDISQPNPSEISK"
"GFBM_DN108967_c0_g1_i1_g762937_m762937","GVLLFGPPGCGK","EAVELPLSHFDLYK","ISGADINAICQEAGMHAVR"
"GFBM_DN108971_c0_g1_i1_g763323_m763323","DLMDLQLER","FWEIISDEHGIQPNGEYTGTNK",NA
"GFBM_DN109086_c0_g1_i3_g494048_m494048","VLVSDTSDR","DHIQMFFDPEDPQRPTK","YEGVIAGIFYGHTHK"
"GFBM_DN109104_c0_g3_i1_g380718_m380718","VISPFSAEDCR","AGQHITLVAHSK","SLEEACVPQAHDVVAAVK"
"GFBM_DN109119_c0_g1_i1_g381888_m381888","LVGEFGLR","CGVLEESR","SPYGGGRPGR"
"GFBM_DN109156_c0_g1_i1_g381913_m381913","NFFPVHVIK",NA,NA
"GFBM_DN109156_c0_g1_i2_g381922_m381922","FFPITVIK",NA,NA
"GFBM_DN109163_c0_g1_i14_g381724_m381724","VYPAETVGDSVQK","LNTDLLNEVEQPFTVNVDR",NA
"GFBM_DN109167_c0_g1_i1_g381842_m381842","TSENAALK",NA,NA
"GFBM_DN109167_c0_g1_i6_g381879_m381879","LAYGGWPTSGDLDILELR","TNEQYGDANEITNK","WGSCAVQWGPYWPK"
"GFBM_DN109183_c0_g2_i2_g380267_m380267","EQEIYCTTCYEEK","IYCGPCYDSQFATR","CFCCVVCK"
"GFBM_DN109298_c5_g3_i1_g773624_m773624","LNILDTLSK","AVPLALALSSVSNPK","QFGNLLR"
"GFBM_DN109687_c6_g1_i1_g551665_m551665","SVLPPTWK",NA,NA
"GFBM_DN109688_c3_g6_i1_g551545_m551545","VGAPEADCQVQWLAR","SALSQWSASSGVTEGTVLVR","IFLSDNSGEFVTDAIK"
"GFBM_DN109777_c0_g1_i1_g746923_m746923","FVTGDSVSVADHSLACAITTYR","ELGVSLTDHPTVEAWLK","AISGYLVGQYGK"
"GFBM_DN109777_c0_g1_i2_g746927_m746927","FVTGDSICVADHSLACAVTTYR","ALGVELNLK","ELGVSLTDHPAVEAWLK"
"GFBM_DN109791_c0_g1_i1_g748678_m748678","HLSAIEGWK","LYLQPHQVPLYK","SHPYVFSQCQAIHCR"
"GFBM_DN109812_c0_g1_i1_g515109_m515109","ALDEYYDGHNPEFVSYR","VGHAELVGEIIR","VTWQIIR"
"GFBM_DN109817_c0_g3_i1_g514950_m514950","VSHATPGATYAHSATR","ANTALDETSAFDDAIR","NLFQQWQDNQAAEGR"
"GFBM_DN109835_c0_g1_i1_g514040_m514040","TLFELEPLSLKPGR","WHLADLALTFPHK","FANYLLSR"
"GFBM_DN109850_c0_g1_i1_g514453_m514453","IILEQMQSDPR","AIEIDATDMTFLTNLAAVR","LMQSGLISIR"
"GFBM_DN109886_c1_g2_i2_g514197_m514197","AALTNYLNTHK","EVWILSR","LNPIDDLTGPGVEITEHLYDHER"
"GFBM_DN109920_c0_g1_i2_g718255_m718255","CMENINGFVTGAK","ACGVSDSEVFQTVDLWER","SGLAAETHAK"
"GFBM_DN109981_c0_g2_i1_g718738_m718738","VVNPNDIGVTFK","EQFLFTQEQLFDR","TNVLQPAEK"
"GFBM_DN110001_c0_g1_i1_g718283_m718283","GNLLTAK","LSAWLAACK",NA
"GFBM_DN110017_c0_g1_i1_g221515_m221515","GAPSTPLVSVATTR","VVQGTPQDYDTCVR","QGLASSLFTQNLSNVFQWLGPK"
"GFBM_DN110036_c0_g1_i2_g221481_m221481","SCAYVSR","SYIDGPHGK",NA
"GFBM_DN110046_c0_g1_i1_g221311_m221311","AIEILGGVLGSQTPVHPNDHVNK","FLASGPR","LADAISK"
"GFBM_DN110161_c0_g1_i1_g639336_m639336","VQQLGVVGVPAAIVER","IIFLHYSPPTPGETVSPVYLVGK","NSVGSDCYVSDELITSR"
"GFBM_DN110207_c6_g2_i1_g450362_m450362","AILGLDVEQYR","LIHGGVR","HLAHTYGDR"
"GFBM_DN110211_c0_g1_i4_g450146_m450146","DHCQSLGGDLAVLDDCALFK","NGNGTNQPGNDGGQQNCANLWVNDR",NA
"GFBM_DN110215_c0_g1_i1_g450897_m450897","HQGAPHLQYDPAQFAVR","SQLNLVDGHFALEGAAPTAPK","EPSSLPIEIMEFLR"
"GFBM_DN110247_c0_g1_i1_g449640_m449640","ALAETIIAR","GDFLAAVTLDSLQGASELVR","TVFPDAYER"
"GFBM_DN110253_c5_g2_i2_g449514_m449514","VASLVITDPGDSDIIR",NA,NA
"GFBM_DN110253_c7_g2_i1_g449554_m449554","ELVSCSNCTDYQSR","VDQGGNPDLVR","EAEGTDTSIPIEVK"
"GFBM_DN110267_c0_g1_i1_g451528_m451528","GLGEIVSIQK","TPEYFNNLFQEK","VLSFLIQEHLVR"
"GFBM_DN110269_c0_g1_i1_g449278_m449278","DPETGSVQCKPIR","GTIAEGAPVLPISAQLK","IISLYTETNALQFAVPGGLIGVGTK"
"GFBM_DN110290_c0_g1_i1_g450817_m450817","LNEALTLHQFFR","HGNNFYNWLTETR","ETENVHSSEEIENAFR"
"GFBM_DN110318_c3_g3_i2_g715527_m715527","LNISLPK","DCSAALELNPR","SINEMAHYCSLR"
"GFBM_DN110375_c0_g1_i1_g713273_m713273","VTAWIAACK","ALGLNMNMK","ACGELVK"
"GFBM_DN110423_c4_g2_i10_g155205_m155205","VDNEGSHPFGK","QGQWGQAHSHAR","DGLPDLLLTLDR"
"GFBM_DN110488_c0_g1_i1_g154816_m154816","LAEQTPLSGLHVASLIK","TFVEDSIYDEFVER","VAFTGSTEVGHK"
"GFBM_DN110520_c0_g1_i13_g355888_m355888","LMLEVQR",NA,NA
"GFBM_DN110658_c0_g1_i11_g578703_m578703","VVFVEAR","IYQADADVVK","IYEAQVDR"
"GFBM_DN110690_c3_g1_i1_g580889_m580889","TDDSKPWVLPVVR","GSYSNPPNHGAR","NIDYVAEAINDAVVNAPK"
"GFBM_DN110695_c1_g1_i2_g581396_m581396","LAELQTELEAFR","SLVSLQSVHFR","EHDASSIGDVSASFYNLEQIK"
"GFBM_DN110696_c1_g1_i1_g581330_m581330","GDPGDIGWSGVQGIR","IGPIGPAGLDGR","GDDGFYGR"
"GFBM_DN110698_c3_g2_i10_g580453_m580453","NLPLDLPQAR","HGPFPNLFPEEETHSR","AAGQGYSLAR"
"GFBM_DN110724_c8_g3_i1_g509022_m509022","LLEFLGHDVLR","LVELLEEGLAR","YADLCHDR"
"GFBM_DN110735_c8_g1_i3_g510290_m510290","NTLLLADLAGCHADPK","SFPPGDYGWPIIGR","LINVFTQQNLIIK"
"GFBM_DN110876_c7_g1_i1_g781780_m781780","RPSSNADPYMVSEVLVR","TVNFVPK","LPIPDDK"
"GFBM_DN110894_c0_g1_i1_g781393_m781393","DYIAQPHLR","AVVQVFEGTSGIDAK","LALTTAEYLAYQCEK"
"GFBM_DN110950_c8_g1_i11_g310278_m310278","FLFMWPNAR","ISVMGGEQAAGVLAQITK","VGVIGNNGVLFSESALK"
"GFBM_DN110979_c0_g1_i1_g311068_m311068","AQLHLLTTCLQTLSTEHAD","CLADYEQANR","TVAMHEVFLSR"
"GFBM_DN110982_c1_g2_i1_g312243_m312243","SVCTEAGMYAIR","FVVDLADTVAPTDIEEGMR","LCPNSTGAEIR"
"GFBM_DN110984_c0_g1_i6_g311371_m311371","YGHYSDEIFR","VSAQVEQYVVADPIDSPIYK","LAQVETFLAR"
"GFBM_DN111016_c8_g1_i1_g112307_m112307","LCSGTHAFSSR","LGGDAVCTEEVFPDCGSGTDLR","VLNVLQR"
"GFBM_DN111038_c0_g2_i1_g114257_m114257","IIDGKPEYTGAVDVLGK","LGIYTWLFEK","GAVPTMGR"
"GFBM_DN111062_c0_g1_i2_g115031_m115031","LSPEAILLR","SFLTPQDVVEGVYK","SLTVYTK"
"GFBM_DN111145_c3_g7_i1_g697994_m697994","VQEFAGLLR","NYDYILK","EAFGANAQHTVYGDFKPMGEER"
"GFBM_DN111189_c0_g1_i6_g700067_m700067","LTSTTQCSDGTDVQNLEK","ITGSESTNFNR","EGGIDLSGTPLR"
"GFBM_DN111190_c0_g2_i1_g699354_m699354","LWTLLDLVK","AYPDWQSTILAK","GVIWVAK"
"GFBM_DN111213_c0_g1_i10_g539484_m539484","DHEIASHSVTHR","CSSTATPGGLSVSK","YGNIPVGAVK"
"GFBM_DN111225_c3_g4_i1_g542031_m542031","TIWGVVGDPAEGGK",NA,NA
"GFBM_DN111259_c0_g1_i11_g539938_m539938","VLVHQSQAGAIIGK","HAQYLLQQSVR","VLEEVLSALDEAAQR"
"GFBM_DN111270_c0_g1_i1_g539422_m539422","IGPGCNAPYEER","YDVEEAGQSRPLEGPLAVNTR","SDLSEGILELFVGPSGR"
"GFBM_DN111357_c3_g2_i1_g404271_m404271","FLLDLLK","YCAQPVNPTK",NA
"GFBM_DN111362_c0_g1_i1_g403783_m403783","SVDLLLLQEILQK","LYPYECR","MESNDYVDYENYR"
"GFBM_DN111417_c1_g1_i1_g492432_m492432","FGEITDVFIPKPFR","GASVYVSSASPK","CLDLIVLGLPWK"
"GFBM_DN111422_c1_g1_i10_g491416_m491416","SLDFSDLLEDPLVR","FLLSDDDELEDEYHVHDIEER","AAEFGGISTK"
"GFBM_DN111475_c2_g8_i2_g489207_m489207","LFPPVVSFIIR","STTQMTVVSK","LGIPYVKPHLIYGSNHILR"
"GFBM_DN111485_c2_g4_i1_g491597_m491597","LFKPIAPLPR","EYTPDVLR","LTEQAINVIQGR"
"GFBM_DN111505_c1_g1_i7_g365775_m365775","ESLLPEVFR","IPDQFLSGLSNLQK","QTHYINCANPMEVR"
"GFBM_DN111523_c0_g2_i2_g366695_m366695","EIGFYSQLLPLLNGELER","INVEALLLPK","SADFDTFSK"
"GFBM_DN111523_c0_g3_i2_g366690_m366690","SADFDPFSK","IPEVPSR","YPVLEEAFDALDADGSAMK"
"GFBM_DN111541_c0_g1_i1_g367269_m367269","INAFAYLECSAK","QVELALWDTAGQEDYDR","QEPVKPEEGR"
"GFBM_DN111552_c10_g1_i1_g366290_m366290","EHWYGGGEQLVQR","WPIESEPR","SSGIIDFTNTVAVDWWR"
"GFBM_DN111644_c8_g1_i1_g105946_m105946","YNQIDAGEDSQEEYGWK","HGPMPNGCASATAPMAIPATLPK","DACVIER"
"GFBM_DN111675_c0_g1_i1_g104559_m104559","ALQASVLK",NA,NA
"GFBM_DN111692_c3_g2_i1_g102302_m102302","GLSEETTTGVHNLYK","GETDEEYIWCIK","LHLDHLGVK"
"GFBM_DN111716_c11_g2_i1_g409653_m409653","GVQHPLR","LSQLETVDVER","HFTEESHQPLR"
"GFBM_DN111732_c0_g2_i1_g408494_m408494","YLPPSAPCASSSAVFR","AVSVLLGGARPLVVVGK","GVVSDSNPQCVSSCR"
"GFBM_DN111748_c0_g1_i1_g407701_m407701","AQCQCQLCFSSATK","LFYEINVK","CLYYPTAWLR"
"GFBM_DN111802_c0_g1_i1_g195853_m195853","TTTFSPEGR","ATCIGNSSSAAVSILK",NA
"GFBM_DN111907_c4_g5_i1_g633656_m633656","NAEHFSHNSVR","LTCGEVFDPK","GLTPTGALPLGALSGGAASLK"
"GFBM_DN111916_c0_g1_i11_g632457_m632457","LSGPQIEK",NA,NA
"GFBM_DN111916_c0_g2_i1_g632409_m632409","SPCLEIDTLIDHVPK","THLPFPLLSPSVLEK","EGDVSVLTFPK"
"GFBM_DN111917_c5_g4_i1_g635319_m635319","EYCITSDDLFSLSHAPGK","VADYMER","YPDIPGAK"
"GFBM_DN111938_c5_g1_i2_g635205_m635205","ESLLNLVR","WVDDVFVHTLSPNIYR","TPSEALQAFR"
"GFBM_DN111969_c13_g1_i1_g633475_m633475","SVLYFPEGKPGLFDLSR","GVVDSEDIPLNLSR","IGLSEYIK"
"GFBM_DN112023_c2_g3_i1_g394882_m394882","TIGGGDDSFNTFFSETGSGK","AVFVDLEPSVIDEVR",NA
"GFBM_DN112023_c2_g4_i1_g394885_m394885","IHFPLVTYSPVISR","NLNIDRPSFVNLNR","LVGQIVSSITASLR"
"GFBM_DN112051_c4_g3_i2_g393883_m393883","VNAVAPGVIYSSTAR","SMSVEWASDGVR","AAAAEMSPDGHSIIVKPCNIR"
"GFBM_DN112100_c0_g2_i1_g391756_m391756","GIALWGR","YIVTFSPTADQR","FNHPGVQFIDFSPTEK"
"GFBM_DN112172_c0_g1_i1_g266131_m266131","VIPALWFR","IVPSIYEDTSK","DQPEEIDFAHIIHELR"
"GFBM_DN112197_c7_g1_i3_g266978_m266978","NIGVSNFSAPQLAR","VLELCSVVPATNQVECHPYLVQEK",NA
"GFBM_DN112250_c0_g1_i1_g751188_m751188","VLPLTSLR","TLLEAQPTGFLGVPR","EASATTLAVAGWAK"
"GFBM_DN112283_c5_g1_i1_g753182_m753182","ITIANVPLHLR","QPDQEQQQQQSLVSAVK","SVVTSSGGCAGLQK"
"GFBM_DN112290_c2_g1_i1_g752814_m752814","YGIGYCDAQCPHYLR","ELFNNVDDFTPK",NA
"GFBM_DN112331_c5_g1_i1_g416238_m416238","HSSVVGSPTVGPLGR","LSQLLNLYYSEK","IPPQTFHYSEELTLK"
"GFBM_DN112359_c6_g3_i3_g413480_m413480","LPLQIEDAARPESDAEDAAR","YGCPPHAGGGIGLER","FLSPPLVLQFR"
"GFBM_DN112389_c3_g1_i1_g417479_m417479","FASGGDCNQSVLQNVTK","INIFPSR",NA
"GFBM_DN112389_c5_g1_i3_g417511_m417511","FALMEEK","LIPYVLLHK","SVDYDFLLPWLGR"
"GFBM_DN112419_c6_g5_i1_g437496_m437496","GEFGVYLVSDGTSKPYR","LLGIEAPIR","ILAPVEK"
"GFBM_DN112461_c0_g1_i1_g437744_m437744","GFLLDGFPR","ILMTDDETGEPLVR","HNLDLPECAR"
"X","AWLLTQPHIR","VMVHGSNLEAMQK","NLNELTDHWVGR"
"GFBM_DN112520_c3_g1_i1_g570982_m570982","FSLLTFNK","SESELAK",NA
"GFBM_DN112540_c8_g1_i1_g574990_m574990","NFPNCILKPGEVYK","QGAFCCEAQNFPDAVNQK","EGGGFDHCFVLR"
"GFBM_DN112645_c5_g1_i2_g273795_m273795","TALAHYVDITAPPR","TYEHYNATGR","VVVFYGSQTGTAEEFAGR"
"GFBM_DN112700_c6_g1_i4_g276395_m276395","AHGLSLFLVEEGMK","TLSHLQTIQHK","TIFNSDHDILR"
"GFBM_DN112751_c0_g1_i1_g695579_m695579","EGCAQLISFNPLR","ALHVFSEAQR","FLCITTSNLK"
"GFBM_DN112779_c5_g1_i3_g696125_m696125","GITPLLER","LLVLALER","AVFWDIK"
"GFBM_DN112788_c0_g1_i1_g695853_m695853","ILVVSGEGEEPYMRPPLSK","SLPAFDR","TGGSVSQVFPESGNMGK"
"GFBM_DN112839_c2_g1_i1_g272317_m272317","AIGSGSEGAQQSLQEAYHK","GVNTFSPEGR","ITSPLMIPATVEK"
"GFBM_DN112851_c0_g1_i1_g272385_m272385","LLPATAASDALR","MVSGFGR","VTLQPIER"
"GFBM_DN112863_c0_g4_i4_g272025_m272025","TDGMPSK",NA,NA
"GFBM_DN112891_c9_g1_i1_g271536_m271536","HGYIGEFEIIDDHR","FLTVMMK",NA
"GFBM_DN112919_c3_g1_i4_g445396_m445396","LGNDFQTNK",NA,NA
"GFBM_DN112923_c0_g1_i1_g443198_m443198","DAHQTHYEQMGR","MPDTLLFGGEER","WGAEGLTITPLK"
"GFBM_DN112932_c4_g1_i1_g443738_m443738","HAAISAPLSRPFK","LIDNPNYR","TPYTIMFGPDK"
"GFBM_DN112949_c1_g3_i1_g441901_m441901","LASAFLYGFGENVHPR","GSSVVRPLFNVFPADVLSR","TIGGIIDIHVFAGPTPEDVNK"
"GFBM_DN112954_c0_g1_i1_g443094_m443094","GITHPEAVVPSSIHAAVDK","LPGVTSISSDTHK","TTDWPGGIYATPTVAGSR"
"GFBM_DN113004_c0_g2_i2_g604102_m604102","AVVEASSHFGR","NIIIVPGYGLCVAK","LQGVLNSSPLLLPGR"
"GFBM_DN113033_c7_g2_i1_g606271_m606271","VLLPPSVVK","EHNINFSFVR","NSPYTFHEDGFYK"
"GFBM_DN113033_c7_g3_i1_g606280_m606280","MYYFDLSPLSSHDWR","VGSGPSLPMK","EYDINFGLVSQTELCK"
"GFBM_DN113035_c9_g2_i1_g603622_m603622","TASPAQAQEVHAQLR","ISPGTEVVVGCPAAYLHYTR","IGFALAEGLK"
"GFBM_DN113039_c1_g3_i1_g603347_m603347","LIAILSTTLR","GAPEGVLDR","HTDAIPDPK"
"GFBM_DN113057_c0_g2_i1_g606144_m606144","ITSTDFGLIR","VQVDNQETR","VVPEYCR"
"GFBM_DN113077_c3_g2_i1_g603909_m603909","ILGYGLK","AIIEECPESEDMSNDLR","SFDTMSFDEAVR"
"GFBM_DN113111_c0_g1_i2_g518285_m518285","YSLAESLEAFETAK","LPDHVSLEEGAFLEPLSVGVHAAR","IGDFIVK"
"GFBM_DN113131_c8_g1_i3_g519507_m519507","VFTNSPDVYSNTER","AVGVELRPLLGELVPSGTVVGK","LAEVTGSR"
"GFBM_DN113180_c0_g1_i2_g521934_m521934","HIDTAYSYFNEEAVGEGIR","LQLDYVDLYLIHCPTGVK",NA
"GFBM_DN113194_c0_g1_i1_g518766_m518766","VVAAAVEQYGLLNTNNR","FLHDQLVLYAER","QVYELVR"
"GFBM_DN113233_c5_g3_i1_g547908_m547908","IEIESFFEGEDFSETLTR","LTPEDIER","VFAAEEISAMVLGK"
"GFBM_DN113240_c0_g2_i1_g549401_m549401","NAIETPCR",NA,NA
"GFBM_DN113260_c2_g1_i1_g549467_m549467","NSFVSQGSKPADIDPTK","ANILEPEVYHLNPAK","IPQPGADIFSTDPSAK"
"GFBM_DN113264_c0_g2_i1_g549000_m549000","EALYHTEPAYR","APQEVGYHSVR","STYFNNIPGDYCR"
"GFBM_DN113298_c5_g1_i1_g546259_m546259","LAPGKPVQCR","LQLLTPFAK","CTTDHISAAGPWLR"
"GFBM_DN113356_c1_g1_i1_g743295_m743295","SYVVGFGNNPPLKPHHR","NWAAQQVNYALGSYGR","DLFGFADAYR"
"GFBM_DN113356_c1_g2_i1_g743302_m743302","AIDLGLDVATNTEWAER","YVLGENPR","WATDFILK"
"GFBM_DN113356_c1_g2_i3_g743340_m743340","NALNVAFIGHK","AADLGVDATVNR","AGYETAGQVAFAEDAIR"
"GFBM_DN113356_c1_g6_i1_g743323_m743323","AADLGFSASTHR","ATGEAAYLDAAK",NA
"GFBM_DN113357_c0_g1_i4_g742718_m742718","TGVASTYPEPK","GLFISIHDK",NA
"GFBM_DN113395_c0_g1_i1_g745154_m745154","CGVLNSVSPELQNLYR","ILVDLVR","CLQLIVPDAR"
"GFBM_DN113420_c0_g1_i1_g375581_m375581","FPLFGGWK","DAVSQQCGNLEK","QFNTVLPASAR"
"GFBM_DN113559_c0_g1_i10_g558891_m558891","GLWVKPFEK","ITNLIPQGILNSLTR","LVLVNAVYFK"
"GFBM_DN113563_c4_g1_i1_g554968_m554968","VPALQEHLQQIWGR","NINADEAAALGAVYR","TLGGYEMQLR"
"GFBM_DN113578_c3_g1_i1_g560065_m560065","IHITLGNFR","HPPLLNR","LGPDYEAR"
"GFBM_DN113581_c1_g1_i11_g557194_m557194","LLILAEGR","TTLLNILTFR","STWTDQFLAMMR"
"GFBM_DN113596_c4_g1_i1_g556898_m556898","SFGGVTSGPPEDK","YGTDVISPR","FFLEEVNSSEIDR"
"GFBM_DN113653_c4_g1_i1_g57776_m57776","LADLLISR","LSACLTFGPPPAK","DQITDLLQLDHDIDLIIPR"
"GFBM_DN113676_c1_g2_i1_g53236_m53236","AVYIFLNK","AIHPFQLVPAIDDGGFK","TLIPLLTGNPPK"
"GFBM_DN113676_c2_g1_i1_g53240_m53240","LLFNPDYENAK","ITSLPAVK","ALAEPIR"
"GFBM_DN113697_c6_g1_i1_g56906_m56906","QGIITEFVDTTIISTLK","FLEQHPAVEK","FLQNAIGGVPSPFDCYLVNR"
"GFBM_DN113720_c3_g1_i2_g496833_m496833","GYAFNHSADFETVR","HIVLSGGSTMYPGLPSR","NITTYMIK"
"GFBM_DN113733_c1_g1_i7_g497884_m497884","GLVVPVIR","LGLMSAFVK","NVEAMDYLDIEK"
"GFBM_DN113742_c9_g1_i1_g496959_m496959","THLPLSLLPANLIDTCK","DGVCSYLHHHR","LAPGFNPDDGLFLK"
"GFBM_DN113794_c2_g1_i1_g499037_m499037","NESGSGSANSGNINVTNSK","QASPNIVIALAGNK","YHSLAPMYYR"
"GFBM_DN113807_c1_g6_i2_g703621_m703621","SFPNVVAYNTSK","IALVTGGSSGIGR","CVALETAGR"
"GFBM_DN113867_c3_g2_i2_g703489_m703489","ILADLVR","FAPTCHEDQMTALAELAAK","SYTEVYDAMR"
"GFBM_DN113870_c2_g5_i1_g703052_m703052","TVAVVGSGPAGLATAHQLNK","DLPIPGR","EVDAFLMGGR"
"GFBM_DN113872_c4_g2_i1_g703574_m703574","LFGDIALWK","TGWHMNEPNPHLVR","VVGVEGIER"
"GFBM_DN113895_c1_g2_i1_g702372_m702372","IINIASIAGVK","VALVTGGAR","GLGLAMAEALLDK"
"GFBM_DN113912_c0_g1_i1_g231946_m231946","FTTFDLGGHTQAR","LLFLGLDNAGK","QGYGEGFR"
"GFBM_DN113945_c0_g3_i1_g234825_m234825","VNQIGSVTESIDAHLLAK","DALLLIQDAIAR","SGETEDTFIADLVVGLCTGQIK"
"GFBM_DN114013_c3_g1_i1_g616106_m616106","ISAGPDINHIVLGSEGTLGVVTR","VYGSVVFPDLSAGIAWLR","LMDNSQFK"
"GFBM_DN114037_c0_g1_i1_g616187_m616187","WTCQALLAGSDQIK","TEHDAVTSTPSGEVSFLNIK","SEGNVFATDVILSTLMCCTR"
"GFBM_DN114054_c0_g1_i1_g617244_m617244","IPEEGPAK","AWFQTPFTK","YNALTSK"
"GFBM_DN114085_c0_g1_i1_g618419_m618419","ADYVPIFLSEIPLLFHR",NA,NA
"GFBM_DN114085_c0_g2_i1_g618423_m618423","AHALIQIAHPSHR","TFGDGVVHK","EGGGVVTSR"
"GFBM_DN114095_c1_g2_i1_g616206_m616206","LVDSFLSHNAPVR","VVQVLLSSFR","IMMVSVR"
"GFBM_DN114134_c9_g1_i1_g656905_m656905","FSHGTMPIMNLFR","IAPTGSTLYVK","GLSSSSTILQVK"
"GFBM_DN114138_c0_g1_i1_g659314_m659314","ADMADMMHCYR","FGGDPLR","LECGVITAK"
"GFBM_DN114138_c1_g2_i1_g659324_m659324","ILTAQAHVLK","NATDEGLEAVVITK","ANIAEFGGDPSR"
"GFBM_DN114160_c0_g2_i1_g656650_m656650","SEEIDELTSK","TTELDQGLVDFENPDFGR","YNDLDYR"
"GFBM_DN114162_c0_g2_i1_g660229_m660229","HVINFDLPSDIEEYVHR","YAIPFILAK","LAQDFLENYIFLAVGR"
"GFBM_DN114184_c0_g1_i3_g656368_m656368","VAESVTPFAK","GQFFIPIR","SAHAPFDPVSHSGVWR"
"GFBM_DN114185_c3_g2_i1_g660671_m660671","LAESFLQTLAK","QLVTHPAFTQVITVGR","MSVHTETVAK"
"GFBM_DN114204_c0_g5_i3_g211425_m211425","YQPISYELGSR","NCNLVGLTDLYGATDYVR","QAVAGYFSK"
"GFBM_DN114204_c0_g6_i1_g211404_m211404","GHGAGGDQILTFR",NA,NA
"GFBM_DN114268_c0_g1_i1_g212230_m212230","GWSAPLAEPSDQYTTPPDAVK","LLDLGMK","YGEQVVK"
"GFBM_DN114334_c0_g1_i1_g564971_m564971","YQDYLDYLASLGPDECR",NA,NA
"GFBM_DN114377_c2_g1_i1_g568933_m568933","LNLADALVPR","YFGELALVTK","AASVYAMGNVR"
"GFBM_DN114438_c3_g1_i3_g183059_m183059","LGPGSLVIGLAR","SGDHVDYYDDE","ISVVNVSSLCAVCPMK"
"GFBM_DN114448_c3_g1_i3_g181914_m181914","ATFNDGIDDTGATFERPGK","APPDLGLITFAR","DVACFLR"
"GFBM_DN114457_c1_g1_i1_g178884_m178884","GAIVGMTLPIAR","VNALGTFNVIR","DLSVIGIR"
"GFBM_DN114507_c4_g2_i1_g240712_m240712","DLPLIAIDSFR","QFLADLYSGK","MAEPGALK"
"GFBM_DN114517_c0_g1_i1_g239790_m239790","AGYETAGQVGYAEDSIR",NA,NA
"GFBM_DN114517_c0_g1_i2_g239803_m239803","EMYHISIPNASDFYK","SWDGYGDELTWGAIWLYK","HAINAAFIAFK"
"GFBM_DN114517_c0_g2_i2_g239862_m239862","SGAIPPDQR","SFVVGYGDNPPTRPHHR","SGSAGDLVEFSFR"
"GFBM_DN114517_c0_g3_i1_g239820_m239820","AGYETAGQVEYAEAAIR","HAVNVAFIAFK","ATGEEIYATMGK"
"GFBM_DN114517_c0_g3_i4_g239848_m239848","ELFDFADAHR","HAINVAFIGFK","SWSGYGDELAYAAVWLFK"
"GFBM_DN114537_c1_g1_i1_g241540_m241540","VELVQINGDSSR","SVPTFQALAEEK","FYTACVVEAFDYLHSR"
"GFBM_DN114555_c0_g4_i1_g241732_m241732","LGSVSASVDTTIR","HHEGYTLWPSK","LFEASGAR"
"GFBM_DN114566_c9_g1_i1_g241974_m241974","LPGVCSISCDTHK","GSSVVLYR","DGYVNTTR"
"GFBM_DN114568_c6_g2_i1_g241690_m241690","VAGNLETK",NA,NA
"GFBM_DN114611_c3_g1_i1_g789817_m789817","YFAEFEISPELTHLWR","FLTGDTMCCFDCELMPK","HLQAINAHLAQR"
"GFBM_DN114624_c2_g1_i1_g788637_m788637","AFLDAVFATPLWQR","GYIEFAELGGAGYVHTNR",NA
"GFBM_DN114669_c4_g1_i2_g786111_m786111","VNAIYLIK","VPPADQILYQTER","GVAHQEMVPFTVK"
"GFBM_DN114707_c7_g1_i1_g594871_m594871","TTGHFLPDLVEGR","NNSQSFTTTTTTTTTSGR","LAHLESIPTSAGTR"
"GFBM_DN114743_c1_g2_i11_g590291_m590291","LVGPGLNK","ETVELQIGLK",NA
"GFBM_DN114759_c0_g2_i1_g593923_m593923","EGLLLWCQR","ILAGDKPYILPEELQR","ELPPDQAEYCIQR"
"GFBM_DN114766_c0_g1_i1_g591901_m591901","AFGIDDITNAVANSFVK","GSVMGTLFGR","FLQVPTMTGAVR"
"GFBM_DN114831_c2_g5_i1_g766217_m766217","AQAQGGLPAVQSNR","ADSDQEGSDVLR","QQCQAILNPLCQVDFR"
"GFBM_DN114889_c7_g2_i2_g768010_m768010","QFLMSNDEDWSYYK","FNPVSAPHR",NA
"GFBM_DN114914_c3_g1_i1_g201763_m201763","ALGEVSGKPVETVMSAWTR","GIQQNLESIR","SVLLEGSAGELVLPK"
"GFBM_DN114947_c0_g3_i1_g201280_m201280","VLDLVGK","LPSGAVVASVSNNSPIAR","YGSNSSSALLR"
"GFBM_DN114967_c0_g1_i1_g203190_m203190","KPLLESGTLGTK","VVVLTESSGEEQEALAK","VCPDSEGVYDDAFFER"
"GFBM_DN114970_c2_g2_i2_g200974_m200974","TLLPTVLALAQDNVPNVR","TSACGLFANCYSR","SLCQDDTPMVR"
"GFBM_DN114971_c4_g1_i2_g203108_m203108","ITGYGQTGPLR","LGLGPGQLLASNPR","SLCDTSDVLIDPFRPGVLER"
"GFBM_DN114998_c0_g1_i1_g203763_m203763","ATADGSHGSLGWQNTAYGVSK","EHGGLDVLVNNAAIAYK","VVNVSSSVGHLPK"
"GFBM_DN115055_c0_g1_i1_g248744_m248744","LIVEGGGCCSR","VQIQSHQGLAGPPGPPGPK",NA
"GFBM_DN115073_c0_g1_i1_g250786_m250786","VFELLPR","GVVSSSGGNAGLAAAYAAR","VHGALWDEANEEAQQLAK"
"GFBM_DN115085_c6_g3_i1_g249097_m249097","SAAQGLVLR","ATPLTMK","TPNILLHHTK"
"GFBM_DN115106_c7_g1_i5_g31565_m31565","HIDSHQEDYITALR","SVSAWPDSRPEITK","VAESLAK"
"GFBM_DN115108_c4_g1_i1_g33480_m33480","LSICGEESFGTGSDHIR","TIFDFPAIADFLK","YFGNLMDAGR"
"GFBM_DN115110_c4_g1_i1_g31447_m31447","NVVEPNQQDYPWYHR","YGDLGAYQNVR","FVQAINAVIDTPVTWFR"
"GFBM_DN115113_c6_g1_i1_g30526_m30526","SLVANLAAANHFTK","SHLEIPENR","YGLEANNAILAEEK"
"GFBM_DN115124_c3_g3_i2_g31408_m31408","MSDLCSDYEHTLYVGLLEK","GVSDEFVER","QFQGETIK"
"GFBM_DN115139_c0_g1_i1_g33538_m33538","ELITFLEK","DLADEVER","VPELMEMFLPATR"
"GFBM_DN115158_c0_g1_i1_g30728_m30728","LIAAGGAPLPPDTHDFVR","VGAPLGVCDIK","NNTVAIVSPTPR"
"GFBM_DN115167_c0_g2_i2_g35123_m35123","NFLESPDEHVER","TFAVNVLSHFWTAK","VITWDVNTEGNTETVR"
"GFBM_DN115178_c0_g1_i1_g33134_m33134","DLTINGAK",NA,NA
"GFBM_DN115178_c0_g1_i4_g33139_m33139","HVVIIAQR",NA,NA
"GFBM_DN115190_c2_g3_i1_g35011_m35011","IVQAEGEAEAAK","IPWFQYPVIYDIR","VLSRPVSAK"
"GFBM_DN115203_c0_g1_i1_g397364_m397364","VVFPAVK","TTRPEFGELVVMYK","STLSCIFAVFR"
"GFBM_DN115222_c3_g1_i1_g397248_m397248","AEDVADQFLR","NYLPHIAR","MWLQWTEQR"
"GFBM_DN115251_c0_g1_i1_g400996_m400996","AEPGSQEALGEQAK","VNVTVDYIQPAQANYPEK","EMQLALVK"
"GFBM_DN115270_c0_g1_i1_g401855_m401855","NVLVVEDIIDTGR","THGQVSVPITIDFIR","VASLLVK"
"GFBM_DN115286_c1_g2_i1_g397283_m397283","NTIPICMAQYER","GLGYDCELLENVIR","SAMNGEGIDR"
"GFBM_DN115289_c4_g5_i2_g400832_m400832","YTPQQAAEATVLALSR","AWGGTPTGVTAGQAELLHR","ALQASAIK"
"GFBM_DN115319_c0_g1_i1_g117527_m117527","GFGGIGGILR","NFGSTLEIITDR","FTVDLPK"
"GFBM_DN115324_c3_g1_i1_g119839_m119839","YLLAADLVSQR","VVGQQHLVSWNGQLR","QLPAVLASSVVFR"
"GFBM_DN115339_c1_g1_i1_g119579_m119579","LLPPHQAQELLQEVDR","ALTPLVLK","VYAVVIDAGSTGSR"
"GFBM_DN115342_c3_g1_i1_g116527_m116527","LLSAVPTIR","YEAAGTLLTLSSAPTAIK","DLSHPNEFIR"
"GFBM_DN115346_c0_g1_i1_g120646_m120646","GNFGTDASR","LTTGTQPISER",NA
"GFBM_DN115389_c3_g3_i1_g116988_m116988","HTDCQETLR","NMFYLVQTK","LYSPAHVTQR"
"GFBM_DN115465_c0_g1_i1_g363210_m363210","AQGYPYSFLLK","YSPNFSNK","QASDEFQLVGNSWR"
"GFBM_DN115470_c0_g1_i1_g360097_m360097","SISEECGGVTIK","VALLDLVPITIEVSVPYK","ELEDMVK"
"GFBM_DN115534_c1_g1_i1_g64168_m64168","GPYLLGVR","ILLESAIR","VLLNLPDSVTTDHISPAGSIAR"
"GFBM_DN115559_c0_g1_i2_g59398_m59398","YPATAAK",NA,NA
"GFBM_DN115559_c0_g2_i2_g59403_m59403","EGFCAFGMGR","IVSLQDKPNLPLVEAFVVECLR","TCPTDTSIGGYFIPK"
"GFBM_DN115574_c4_g4_i1_g62940_m62940","LYAETFGPSSTYHQVQR","IPTAVPAGLLAFPNELLAFPR","SFVTTVEQLSK"
"GFBM_DN115594_c10_g4_i1_g63124_m63124","FTFDLVK","TVHYADALNIFSQK","ACEVIAVNHSR"
"GFBM_DN115608_c2_g4_i1_g737509_m737509","AALDEDFGYVEVR","DLSYMSPEVR","EDIYFAR"
"GFBM_DN115611_c0_g3_i1_g733863_m733863","AWGDVVGLR","LVALLGR","QLDEVVGR"
"GFBM_DN115619_c2_g3_i1_g734443_m734443","DNYAVDHTLLR","GNTVDAAEMLR","YSHAAVFPLQPSCR"
"GFBM_DN115702_c3_g2_i1_g688864_m688864","IVEMSTSK",NA,NA
"GFBM_DN115771_c0_g1_i1_g690810_m690810","GEERPASGSLVQLITK","IVVYGGR","GALGAVIVK"
"GFBM_DN115779_c2_g1_i1_g690695_m690695","TSLVSLGK","DWIDVMVSPK",NA
"GFBM_DN115781_c0_g2_i2_g690262_m690262","ANYHGLVGHR","EYSGIVK","FGVSGYPTVK"
"GFBM_DN115826_c3_g1_i2_g711475_m711475","VNSVNPGVIVTSLQR","LLVPSLIESK","SIFELTR"
"GFBM_DN115865_c0_g1_i2_g709158_m709158","VAFIPYAYILDQFR","GASVDWTDQLR","YFVAHILQFQFHER"
"GFBM_DN115892_c0_g3_i1_g709649_m709649","VAHLEASNQALQSR","LATYIDR","STENEEVNPVVYK"
"GFBM_DN115904_c5_g1_i1_g755794_m755794","IINVSSIAHLR","GSNIQVFSLHPGAVHSNLSR","LSGQTVIITGANVGIGK"
"GFBM_DN115949_c6_g3_i1_g757454_m757454","LPTVAAIIYR","AAGGEEPLPEAAFWLLCTGDIPTQK","LDWSANFTNMLGYDDPQFTELMR"
"GFBM_DN115979_c0_g1_i1_g755634_m755634","WGGLDGAADITNLPVTLR","QDAVLYSSCLK","CLPYWVGLVR"
"GFBM_DN115987_c2_g1_i1_g758831_m758831","EQQDNFALSSYSR","QATLLAGLDK","NLNDVVIVSAAR"
"GFBM_DN115989_c0_g1_i1_g758479_m758479","CPLQEDDCSR","NTGDQLVTAMQEK","CPADLSSGTR"
"GFBM_DN115999_c2_g2_i1_g759503_m759503","FIYAPPR","GTLPLLYELDGR","GVTEANVEDYVSLAGALIGR"
"GFBM_DN116009_c0_g1_i1_g159824_m159824","QLPPITNLLLLEPASALAAK","HAGDLRPALGVMAAGNSALLSLR","QTAGLYSR"
"GFBM_DN116018_c2_g1_i1_g163426_m163426","LNSAGQLGVGER","LGTADGPWQYDEESHTLK","GFMPYNFGK"
"GFBM_DN116040_c0_g4_i1_g159212_m159212","THLPFSFFPENLIDTCK","LQPGGWIVAK","LTDEQFQNVIK"
"GFBM_DN116098_c3_g1_i1_g161608_m161608","INTVQPNPDYSTCVK","LPSLLLNSHTDVVPVFAEHWK",NA
"GFBM_DN116098_c3_g2_i1_g161610_m161610","VVNSFLEYR","TIFPAATDSK",NA
"GFBM_DN116108_c0_g1_i10_g483889_m483889","YGHYSDEMFR","LLSWMPLDTFAQYNTLITR","YITWPGQALAYK"
"GFBM_DN116112_c2_g2_i1_g480694_m480694","AVELDDALGGVPVQHR","MVVFIGGK","VVHGHEPAHFLR"
"GFBM_DN116113_c2_g2_i1_g483592_m483592","IEDSVFQLSHETLISLSLER","VPITSFMQNMFNTK","LHHDQQMER"
"GFBM_DN116124_c3_g1_i1_g484503_m484503","ALGLGQDLAVLGGLR","VLIFAVPGAFTPGCSLTHLPGYVK",NA
"GFBM_DN116125_c6_g1_i1_g480452_m480452","LGASTLLTDIER","EACGAAHLK","AALLTTTR"
"GFBM_DN116138_c4_g1_i1_g482940_m482940","EVVPPGPPPK","GALQDIDQLALFKPICK","FNLPYIMGHK"
"GFBM_DN116143_c0_g1_i1_g483152_m483152","TTLLGLSK",NA,NA
"GFBM_DN116172_c2_g4_i2_g484220_m484220","LSAWFER","LYEALGWLELYLK",NA
"GFBM_DN116176_c0_g2_i1_g481818_m481818","GSNYPAFIR",NA,NA
"GFBM_DN116180_c4_g1_i1_g480305_m480305","NVPDYVVSR","LAWNVIPNAGQLPLWPGAGSYR","FDLNADLSPVFNWNVK"
"GFBM_DN116185_c8_g2_i1_g483006_m483006","NACGSGYDFDVFMHR","EILVNGPDWILNEIK","LFNISGHVK"
"GFBM_DN116186_c4_g1_i1_g480958_m480958","IFVTELCR","IQVNLPLQK","IGLIWPEIER"
"GFBM_DN116211_c6_g2_i1_g170229_m170229","VLDSLQLTAK","NFNELLR",NA
"GFBM_DN116236_c2_g1_i1_g169573_m169573","LVPADFIASAK","SHNPIASNLHHK","LLLDLAR"
"GFBM_DN116239_c0_g1_i1_g167605_m167605","VAAIIVSQPLHVIAVR","VGLNACTHPIEYAK","VLIQLGHEPLPPYR"
"GFBM_DN116261_c12_g2_i1_g166262_m166262","VYGANDIEIAPEAQQQIDR","VFHEATQSDAALYGR","TADILVVGIGRPEFVK"
"GFBM_DN116272_c0_g1_i16_g164578_m164578","LDEVNNLQQK","NNLLQTDLLR","TLNTSAEEPTPQHAPSAEETPQR"
"GFBM_DN116304_c8_g1_i1_g49423_m49423","VVILGASGLTGQEAVTR","FMVSILDGSEYSR","TFSTEENYLVEK"
"GFBM_DN116323_c3_g1_i1_g49926_m49926","TIPMPVDRPTCPSWGGK","VESFDYDEASGSITNR","FYYVDTSSFR"
"GFBM_DN116329_c3_g1_i2_g44691_m44691","VLDPYNELCENYGK","LVLGTATYGR","TMYEAYSGIVITNPPTTTR"
"GFBM_DN116339_c8_g5_i1_g45711_m45711","ALLIPVSEHLQFLR","FYYAKPSPEDTK","HIAEGGEDCPPLVPGSLR"
"GFBM_DN116343_c3_g2_i1_g45848_m45848","SLLAVELSKPQR","HAVPIGILSSQNR","MTDVALQCLHGGGSEANSANR"
"GFBM_DN116344_c1_g1_i1_g48287_m48287","ALHYINTPAAFDTVFNIFK","TSSDLFGLEGSFR","HIPPSMLPK"
"GFBM_DN116344_c1_g2_i1_g48294_m48294","YVCTLSPELQK","QPHINAR",NA
"GFBM_DN116400_c0_g2_i10_g49883_m49883","HQPLLYDIVADPAER","LVADHQSSLVR","SVVPQLMK"
"GFBM_DN116412_c4_g2_i1_g316458_m316458","ELEAIAAGNDNPFDMR","GMPSGIEHATGLER",NA
"GFBM_DN116421_c10_g2_i1_g313538_m313538","GFCFLEYESHK","EAFEHYGTVER","LMQMLTQR"
"GFBM_DN116425_c0_g1_i1_g316218_m316218","HSQNTVVPVCEAGTTR","SCSQSSYYPSGSLLVR","LWEGYSLLYVEGNER"
"GFBM_DN116461_c0_g1_i1_g318145_m318145","VTYPLFAR","ISDPSSPR","VTLILDPALVVDWPNYPPASR"
"GFBM_DN116461_c0_g5_i1_g318166_m318166","NTWPIFAR","GGAILPNQEPALTTVDSR","VGGTESYR"
"GFBM_DN116468_c5_g3_i2_g313928_m313928","ALETFSQLLVLDGDAFR","LADDTVVHIWK","LLALVADLPTK"
"GFBM_DN116495_c0_g1_i2_g315194_m315194","VFVESVLR","HFGPLVR","AQSYNNLK"
"GFBM_DN116540_c1_g2_i11_g325829_m325829","DVASAAPNLPFLYYHIPCK","LFCLAGLSEDSDSSCCVPAGER","LNAPWTAIAK"
"GFBM_DN116602_c9_g3_i2_g97013_m97013","LQDYIPDVYDAAFTYTGAFTR","TPELPSDWFAVVTR","FYDPEFHATFSLGSAESLLPR"
"GFBM_DN116612_c8_g1_i1_g94890_m94890","TFIYAVK","NLSGQPNSPCR","QIHGDVFR"
"GFBM_DN116627_c2_g4_i1_g92051_m92051","LHVALHGCLQGR","NTGYLQVAEVNNVIVLFPQAIDK",NA
"GFBM_DN116654_c4_g2_i1_g92176_m92176","TGQTVTTIQDGYYTLQNVKPGK","ISFHSLLPGEYFLR","VSSAASIPNDGPSGVSVMLR"
"GFBM_DN116655_c2_g2_i3_g92796_m92796","GFGFITQDDGTGDVFVHFR","GLSACNVR",NA
"GFBM_DN116708_c0_g1_i1_g524548_m524548","GLAGSTVGIFGLGR","IGQAVLQR","QSCDVDMYEECQPMPR"
"GFBM_DN116723_c8_g1_i1_g528335_m528335","SLVPGVFCAGADLK","IVPNGPVGVR","LAIIPGAGGTQR"
"GFBM_DN116758_c0_g1_i1_g525111_m525111","LVGIQAK","VYSPSQIGAFTLVK","VQATVQEIFGR"
"GFBM_DN116839_c7_g1_i1_g330527_m330527","LGFLTFCPTNLGTTIR","LAADYAK","GIYHNDAK"
"GFBM_DN116852_c1_g2_i1_g332940_m332940","IFGVTTLDIVR","FALSVIK","LSLYDIVHTPGVAADLSHIESK"
"GFBM_DN116921_c0_g1_i1_g680320_m680320","EFITDLSR","VLEFTEMEPGTR","NMDPLIYR"
"GFBM_DN116931_c5_g1_i1_g678843_m678843","ALDNPVRPFLAILGGAK","TIVWNGPCGVFEFEK","VIDGMEIGK"
"GFBM_DN116938_c0_g1_i2_g675307_m675307","IMSPFTPFITETMYQNLSK","YGADVLR","LYLINSPAVR"
"GFBM_DN116967_c6_g1_i12_g679205_m679205","FVVPGAR","MAVTTLAK","TGAGQYLNFVAPAR"
"GFBM_DN116968_c1_g1_i5_g678023_m678023","AFPDCSDLDPAIVEEIQR",NA,NA
"GFBM_DN116968_c2_g1_i1_g678036_m678036","LVTIQPNPITEK","FVVPGGR","GPYSNYFVR"
"GFBM_DN116968_c2_g2_i1_g678062_m678062","FVVPGGTAVYNSVTGDTANIR",NA,NA
"GFBM_DN116975_c2_g2_i2_g676957_m676957","VVNVVSQAGR","VMEVNTFGPVVVTK","TEIVDMER"
"GFBM_DN116998_c4_g2_i1_g678239_m678239","VGDWVIPR","AAAATLSVNPTTAYR","QPVTVPVGSLIFNDVR"
"GFBM_DN117005_c0_g1_i7_g283383_m283383","SILSNILR","SPIYSHFGESIQGASTIR","ATYLDYPR"
"GFBM_DN117008_c7_g1_i1_g283760_m283760","SNLNLDR",NA,NA
"GFBM_DN117043_c4_g2_i1_g279437_m279437","QGHAAFTIR",NA,NA
"GFBM_DN117054_c3_g1_i1_g281007_m281007","AHGISLFLVDAGTPGFNK","VQTIYGGTNEIMK","LLIGIGCSAICEWMFEETR"
"GFBM_DN117062_c7_g1_i1_g279333_m279333","VNTNCIHHGIR","IDGICEEGSPGEYLR","SAQFLHLCLGTLGPSYR"
"GFBM_DN117113_c1_g1_i1_g650932_m650932","ALVVINPGNPTGQVLPR","VLTLENMNPHVK","NWALDVDELER"
"GFBM_DN117113_c3_g1_i6_g651004_m651004","YVTVDIPAK","SFQTFVVSAT","QPMFYAMAHVSK"
"GFBM_DN117113_c3_g1_i9_g651013_m651013","YITVDIPAK","SLQTFVVSAT","QPMHYAIAHVSK"
"GFBM_DN117113_c3_g3_i1_g650986_m650986","FILPGAK","SIHTMLFNIPTPAT",NA
"GFBM_DN117113_c3_g4_i1_g650992_m650992",NA,NA,NA
"GFBM_DN117113_c3_g5_i1_g650997_m650997","AYFAPEGIEYNLCR","FINSVIPAK","SFQTFLISGR"
"GFBM_DN117152_c3_g3_i2_g650785_m650785","APQAPVAKPPR","LVTTCTEK","EMVNAAVFYTNR"
"GFBM_DN117159_c9_g1_i1_g653541_m653541","YANLSGLDTQDFAGHPPR","IIYVWTGR","SLDTPVVLLK"
"GFBM_DN117178_c5_g1_i1_g653333_m653333","ALYQAAGTLR","LLQMVELR","GLSYLDLTFLNLK"
"GFBM_DN117185_c0_g1_i5_g653978_m653978","NEYFISIPR","QLSLQLSR","AEAGIAYGYR"
"GFBM_DN117211_c2_g1_i2_g601786_m601786","VCYPNDGPCHNPCWEDR","EFLPTNHGFEDYLGVPYSHDMCPCK","SDCEPFPK"
"GFBM_DN117259_c0_g1_i3_g601530_m601530","LSDANSNDLK","GVNPMLNVIYEGLK","NTRPGNHEPPMSR"
"GFBM_DN117259_c0_g1_i4_g601541_m601541","GTDWVGYEDADSVVIK","EAFDTVGLGWEITAAVPVAK",NA
"GFBM_DN117271_c3_g1_i1_g596977_m596977","LALVVLGR","LDTAPDLLQFFR","ESGGGPEESAVNIK"
"GFBM_DN117297_c4_g2_i1_g600120_m600120","TLSPASVVSLIAAK","VNPFFIPR","IPYGTQPHELNLK"
"GFBM_DN117312_c2_g1_i3_g14836_m14836","TLDYHESSLELLCR","TPSSALTATFCANAAK","SGNTGQVAEQIGR"
"GFBM_DN117324_c1_g1_i1_g14057_m14057","VAAEQLSAKPWVPAFLR","VESVTLTR","AGGLSAVSK"
"GFBM_DN117325_c0_g1_i6_g9853_m9853","MAPIFSVMSLGPVLCFK","IFVSVFGSLPQK","ASDMPEEIVR"
"GFBM_DN117325_c0_g1_i8_g9865_m9865","ASDLPDETVR","LASVLSDCWLIGIR","IAHLLNILTVGPGLCFEALQFK"
"GFBM_DN117330_c4_g1_i1_g14917_m14917","IFPDLPPLLEIQR","AFESSGLGR","AVYWTEYVVR"
"GFBM_DN117338_c0_g1_i1_g10011_m10011","TPCQEVAASATDVTGGFVR","SYSPGEDFGVPSSSTNVEPYNR","GSFTPAPDDLVVLDER"
"GFBM_DN117375_c0_g3_i1_g8986_m8986","SSSTQALILAPTR","TATFSISILQR","AILPCIK"
"GFBM_DN117388_c1_g6_i1_g12401_m12401","TLEFVEAMPFTATHR","ANLQHLSR","NIFAQFPASYR"
"GFBM_DN117388_c2_g1_i1_g12410_m12410","FPGYYCTGDGAR","FETTYFTR","ELAVAMLAVAR"
"GFBM_DN117431_c6_g1_i1_g610988_m610988","YVQLLWR","LGAVPALLNTNLR","NANLNVPAAFDR"
"GFBM_DN117437_c1_g1_i1_g610654_m610654","VCADLVR",NA,NA
"GFBM_DN117449_c4_g1_i1_g613906_m613906","SIHDALCVVR","LLEVEHPAAR","FATEAAITILR"
"GFBM_DN117449_c4_g3_i1_g613925_m613925","DAASDLALHLLAK","ISDSLLHFSSQAR","LTAYGQTLQGMDAYCFR"
"GFBM_DN117470_c10_g1_i1_g613647_m613647","NDGYQWLLSK","LIGYGSWNALK","HGTSHGIGMYLNVHEPVTDELK"
"GFBM_DN117483_c7_g1_i1_g611943_m611943","AGQLADVLVAADLR","EADLGQCFVAIDPSFFAPGFPDR","FMLGCMTAVGVGEDK"
"GFBM_DN117527_c0_g1_i1_g124400_m124400","LFAYADTHR","GTPDGFR","GGGAFGELEITHDITQYCK"
"GFBM_DN117581_c0_g1_i1_g126727_m126727","VNNLGTHATIELNK","YFNINNDEEEDEDEADE",NA
"GFBM_DN117585_c1_g3_i1_g125248_m125248","WFGLQTR","QITQGQVR","ILAPEGSLEVHEEAWNAYPYCK"
"GFBM_DN117671_c1_g1_i1_g727094_m727094","SLDLEVR","VQCVLPGFVATNLSK","AYAFELAQR"
"GFBM_DN117708_c7_g2_i1_g423359_m423359","IACLILLK","LYQFNPGTYK","QFWDEQENFAK"
"GFBM_DN117709_c0_g1_i1_g419496_m419496","DIDAAFLVGAMPR","DVVATDDPAVAFK","WSIVQGLPIDDFSK"
"GFBM_DN117721_c2_g2_i1_g423281_m423281","VVGVLLGSWR","LHQNDIAINDLVR","VVVHPLVLLSVVDHSTR"
"GFBM_DN117725_c1_g1_i1_g421387_m421387","YTIHWQGDNVAEWPLIK","ITDLASPR","DFTYDPVNWGDLPTLIDELHAENIK"
"GFBM_DN117726_c0_g1_i2_g424941_m424941","TLNEVQER","VGVFFGGMNISK",NA
"GFBM_DN117743_c0_g4_i1_g420992_m420992","IQQLGPGMVSQVQSMCGECR","CSLLEMDPTHR","QIYDQGGEQALK"
"GFBM_DN117759_c0_g1_i1_g420886_m420886","IGFPWSEIR","QLFDQVVK","LFYLQVK"
"GFBM_DN117763_c3_g1_i1_g420601_m420601","TITLEVEASDSIENVK",NA,NA
"GFBM_DN117781_c1_g1_i1_g422181_m422181","LTLTFNR","GLCGGIHSAVCR","MTAMDGASK"
"GFBM_DN117812_c3_g2_i1_g458813_m458813","LLNSILK","LMPLDWYHPWQMAVMDMTDR","ADGIQIPK"
"GFBM_DN117864_c2_g2_i3_g453559_m453559","EWHWIPR","AVAGCGPTK",NA
"GFBM_DN117909_c0_g1_i1_g297222_m297222","SLTTDER","NENGEYTQEIDWYHDGK",NA
"GFBM_DN117991_c4_g1_i1_g297004_m297004","LFPDGLAALAR","ALFEGAGNNPGEK","LVIEFQHMR"
"GFBM_DN118008_c7_g1_i1_g4012_m4012","DLTLEQCNQMAHDNAK","GIFGFDDSTNIGK","IDVPCLIPCAIDQDPYFR"
"GFBM_DN118008_c8_g1_i1_g4024_m4024","LMYLNLSGNK","ALSLINVGLTSLK",NA
"GFBM_DN118020_c0_g1_i14_g8122_m8122","TVDNILGHIGNTPLVR","VVVILPDSVR","AEIDIWLK"
"GFBM_DN118040_c7_g2_i2_g4825_m4825","AVTPFIYTTETFEK","FFAPWCGHCQR","GFPTILLYR"
"GFBM_DN118055_c4_g2_i1_g2106_m2106","ETLEFIEAAGFSK","FYFIEHIR","LGIWPSLFDGCELNR"
"GFBM_DN118055_c4_g3_i4_g2146_m2146","TGMIMVMGEITSNANVAYQDVVR","ICDQISDAILDAHLK",NA
"GFBM_DN118079_c0_g2_i1_g5824_m5824","THTIDDNLNPK","VYDQDTASAEK","IGSVEIPVNEIK"
"GFBM_DN118081_c0_g1_i2_g3077_m3077","SALQLAR","LSVEDVEAAAELIR","GANQCLAAAR"
"GFBM_DN118127_c3_g1_i10_g673551_m673551","IFAPDVIVAK","SATHNMYR","VEALATTK"
"GFBM_DN118127_c3_g1_i11_g673555_m673555","VWDLFHNADEVR","VHGDVVTIIER","TLVQLGLCGFR"
"GFBM_DN118127_c3_g1_i14_g673594_m673594","LWDLAAGK","DVLSVAFSADNR","YWLCAATGPSIK"
"GFBM_DN118127_c3_g1_i15_g673600_m673600","QGLIEFK",NA,NA
"GFBM_DN118127_c3_g1_i20_g673623_m673623","ILGSVGIDCDAAQAK","YGAAYLLAALSGSAPSAK",NA
"GFBM_DN118127_c3_g1_i21_g673628_m673628","LSSGVALLK","KPLLIIAEDIDGEALSTLVVNR",NA
"GFBM_DN118127_c3_g2_i1_g673518_m673518","LTSVWVAR","YGGGGGGSFGGR",NA
"GFBM_DN118128_c7_g1_i1_g674330_m674330","GFDTSLPVSR","FIEPQELPDPHAVTLWCK","TVVECSFEVSQR"
"GFBM_DN118136_c7_g1_i1_g668628_m668628","LCNVLMVR","HTYSSMR","VMLLDTSSLASVR"
"GFBM_DN118148_c0_g2_i2_g670483_m670483","IWTFGPEGTGANLLVDTTK","IVENVNVIIATYNDDSGPMGEMR","FVEAIEDVPAGNICGLVGVDQFLIK"
"GFBM_DN118228_c3_g2_i1_g428132_m428132","VNADNGCLFVVPGSHK","LQLMQHEYPDWEDGVNK","FLDLVEGR"
"GFBM_DN118257_c7_g1_i10_g430535_m430535","AFFQGLLK","LQCCPTSDGGAAAVLVSEAFVR","GNMGLAMK"
"GFBM_DN118258_c5_g1_i1_g434276_m434276","LSVDIGLGR","LLEDLPK","QTVTAYHDK"
"GFBM_DN118263_c0_g2_i1_g432405_m432405","LLDWDVK","SYGTTLK",NA
"GFBM_DN118343_c0_g3_i1_g368855_m368855","AVFVGIGLPTPK","TLSLQDLTVK","GTTSGHVFGPGQGSFLNIELISEK"
"GFBM_DN118344_c0_g1_i1_g373416_m373416","VEINDLLMRPTEQVS","VVPSAATHFYASTK","VAIVTGASAGIGAATCR"
"GFBM_DN118344_c0_g6_i1_g373448_m373448","HSLLDGTPEEWR","VTTAAQTHFYCGTK","TEFLQVMLGDAQYAEK"
"GFBM_DN118344_c0_g7_i1_g373453_m373453","VPPSAAAHFYAGTK","VSTISPGFVK","GIDDGHIIHISSTSGHR"
"GFBM_DN118353_c5_g1_i1_g374268_m374268","VAHYLDWITQHQL","HLESPLPLMK",NA
"GFBM_DN118391_c8_g1_i15_g371309_m371309","SGAAQGLAEVVGGLGPEK","ALDETLPPLLALLK","LVLPSLLSALEEDSWR"
"GFBM_DN118393_c4_g1_i2_g369589_m369589","ELILSGNGIR","FQNTGLR","SLSASVFSGPTSQSLLSLYLK"
"GFBM_DN118403_c6_g3_i3_g289135_m289135","GDWLPTWEHGEGR","SITYVHDSTLFIKPDLLANWK",NA
"GFBM_DN118471_c0_g3_i3_g290017_m290017","AASDIAMTELPPTHPIR",NA,NA
"GFBM_DN118472_c3_g7_i1_g288774_m288774","SLFFPSEAITQSHPR","ACPELLGGTPK","FSTLTNNIR"
"GFBM_DN118513_c1_g1_i1_g534502_m534502","SPETLFALEEAR","IGELVAVLR","LYGPDYVQMYK"
"GFBM_DN118513_c6_g1_i1_g534525_m534525","LLSCNPSSLR","VNFYQVPPSVFAIAETAFR","LFNWLVNR"
"GFBM_DN118513_c6_g2_i1_g534531_m534531","QAMAESTNDIIAK","VIEAITK","YLGLMENLR"
"GFBM_DN118527_c2_g1_i1_g531395_m531395","LSELLDWR","FVFEISHEAANK","NMASEYCEEQPR"
"GFBM_DN118571_c0_g4_i2_g532701_m532701","GAPFWGR","EVCQNLIGGDLAVLEDCNDLR","LIADHIK"
"GFBM_DN118573_c7_g1_i1_g536930_m536930","TAPLNIIWQMVASTR","LQAELDQQVGR","TIVNTAVTEHDATLDLTNPR"
"GFBM_DN118608_c3_g2_i2_g228555_m228555","EVQLCLWQHPGSDVTGVAAR","LHHPQYSPLQK",NA
"GFBM_DN118671_c7_g2_i1_g225366_m225366","APGCTNYSILSFEGGFHGR","ISPCQAVSVFVDYER","YSHLINSTR"
"GFBM_DN118686_c6_g1_i1_g223567_m223567","LPLLPHEVR","WVFVGGK","LLSFPQVIER"
"GFBM_DN118690_c0_g1_i1_g227457_m227457","TISILNQAK","LYELYNIISEAK","STVSLSWLLDAEK"
"GFBM_DN118717_c0_g1_i1_g20492_m20492","IESGSGGDSEVQR","AVAHHTDCTFIR","EHAPSIIFMDEIDSIGSSR"
"GFBM_DN118724_c0_g1_i1_g21655_m21655","FGQVYTEGGKPGGYDR","FLAEEGFYSFHNWFDDR","FYSLLDPSYAK"
"GFBM_DN118775_c0_g1_i2_g21505_m21505","TEASILNQLAGDPHSPGR","SSFDGLLDANTWLSAADTVTAK","EAFQAYQK"
"GFBM_DN118792_c0_g1_i1_g16177_m16177","AFLPSMIR","DVSGETVLITGGSSGLGR","QHVTYPPPTR"
"GFBM_DN118801_c0_g1_i5_g19182_m19182",NA,NA,NA
"GFBM_DN118822_c5_g4_i1_g463694_m463694","YLESDAYHLNHR","FSSWFLPQLSK","SATISESFVELPR"
"GFBM_DN118828_c1_g1_i1_g468734_m468734","LPGTIYTAAK","LCIPHLIK","DGANVVVAAK"
"GFBM_DN118828_c2_g1_i4_g468763_m468763","QLIDQQAAEGGSDTK","ELATLQAQQGK",NA
"GFBM_DN118844_c0_g1_i1_g463256_m463256","SANALAFVNAAHR","VTLLSNAPNPDGVLSSK","LTNDTWHYKPPLALDIPTDLR"
"GFBM_DN118844_c0_g1_i2_g463279_m463279","STNALALVGAAHR","VTNEPPVCLAFAVPLALR","IDQCNLVITATALAAQK"
"GFBM_DN118854_c1_g1_i1_g464935_m464935","TYWVNLR","EFWIATDHNEVR",NA
"GFBM_DN118854_c3_g1_i10_g465111_m465111","LVGGIVR","LQILFGK","AFGVPPGMLLLYR"
"GFBM_DN118869_c5_g2_i1_g463132_m463132","GLAVFISDIR","QSAALCLLR","TNPDIIPGGEWTSR"
"GFBM_DN118919_c4_g2_i4_g474631_m474631","LFGPTWNR","VIIEKPFGR","IFYLALPPSVFEPVTTNLR"
"GFBM_DN118995_c2_g1_i1_g475253_m475253","QVLANAVELAR","SGVIFYR","YYGGNEHIDAIER"
"GFBM_DN119045_c0_g2_i2_g684698_m684698","SSLLFINNIR","SHSNFYGEIVSVLLER","IVAEGWAEK"
"GFBM_DN119061_c0_g1_i1_g682924_m682924","VGSTGGEGYGTPNEGAWVK","FGVPADTPVEYTVTLLDFEK","YAFGSAGNER"
"GFBM_DN119071_c0_g3_i1_g683690_m683690","ELNLFLK","VYFPDDSDQAFEVSSSTR","VVVQWPTFGSAFFEVK"
"GFBM_DN119073_c4_g1_i2_g681664_m681664","SDDEPCCDWVGDGGAGHFVK","LGIPSPALSCALAFYDGYR","FTDDDGLPLVEK"
"GFBM_DN119084_c0_g3_i1_g682028_m682028","IFLSTWK","NINLIVQK","LAPPLVTLLSSEAEVQYVALR"
"GFBM_DN119096_c1_g1_i1_g684518_m684518","VNAYATHGASGDR","HSLPLDYVVTTR","DTAVWTGSAR"
"GFBM_DN119106_c3_g1_i1_g152167_m152167","LLVDMPPEELVETIDFR","SLQDLLGK","GHGLTFTIGR"
"GFBM_DN119148_c1_g2_i10_g149757_m149757","LGTDESEFNR","GFGTDEAAIIR","VLISSLR"
"GFBM_DN119151_c0_g3_i1_g152531_m152531","SPDFTNDNPLETR","IAGLATALETGDTPIAK","GVVINIGDR"
"GFBM_DN119181_c4_g1_i1_g149300_m149300","VVTVSSDGSGSRPVVWIDCGIHAR","DATTAIGAR","AVDSTTYR"
"GFBM_DN119188_c12_g1_i1_g148074_m148074","SCESEPSNEAWR","VLVQNDALLR","ETITIAGEEETAR"
"GFBM_DN119188_c7_g1_i1_g148038_m148038","LLHQTLLANNMSEAASK","SAQPPPSTEQVQQLLR","GAEISVECSTK"
"GFBM_DN119194_c9_g1_i1_g152649_m152649","IGHHSTSDDSSAYR","GVVIDADQDPQLSDAILVK","VDGNDVLAVYNVTK"
"GFBM_DN119211_c0_g1_i1_g69115_m69115","YGPIESINVK","IIAVSEHTINGK","GFAFLVFNSAETIDK"
"GFBM_DN119213_c7_g2_i1_g68956_m68956","FLETSAK","GAMGIMLVYDITNPK","SFDNIAK"
"GFBM_DN119231_c0_g1_i1_g68322_m68322","VIVFEGVPSIK","EGINVFLDGFVPTENLR","NVEDLSGGELQR"
"GFBM_DN119234_c4_g2_i2_g69066_m69066","ELPGFGLNR","GAADWSLPAAAEVVK","LTAFAALK"
"GFBM_DN119234_c4_g5_i1_g69079_m69079","YGSTIMSISAMSK","GVADWSLPAAAEIVR","ELPGFGANR"
"GFBM_DN119242_c2_g1_i1_g67843_m67843","WTISLGR","IDSVEDFWALYNHIEAASR","WEESQFEVAK"
"GFBM_DN119251_c2_g3_i1_g67776_m67776","LLDSGSGAVLAESTSR","QVGNPDPDEVAAGR","AISVPLLYDVVWDAAK"
"GFBM_DN119278_c0_g2_i1_g71830_m71830","VLSLQSHVVSGYVGNK","ACYSHLLTGYIGSESFLR",NA
"GFBM_DN119290_c4_g1_i6_g73262_m73262","SEPALWGR","YGIAILR","TEIWNNLPELSYK"
"GFBM_DN119292_c4_g1_i1_g68011_m68011","SYTPVTSDR","GNLQYLGR","GYMDLVVK"
"GFBM_DN119321_c0_g4_i1_g667444_m667444","LSELVGSQDYILGDK",NA,NA
"GFBM_DN119332_c0_g1_i1_g663595_m663595","SQAVTVTLRPTK","IPLDYFPPK","MNAYAIHGIGENR"
"GFBM_DN119372_c7_g5_i1_g663475_m663475","VYDFDNLIR","AQALEALHR","GCFSETVVR"
"GFBM_DN119378_c6_g4_i1_g667190_m667190","FLANLPK","NTLATHLR","NGYELPPSAAVHFTR"
"GFBM_DN119378_c7_g2_i2_g667249_m667249","VLLDLAFK","NSGISPSQALLVLR","LLNAGCDAEAR"
"GFBM_DN119399_c0_g2_i1_g664686_m664686","AAAILIGALR","IFLTGPK","YGLPVMLK"
"GFBM_DN119442_c0_g1_i1_g256380_m256380","TADGLPLAASGQDEQSGR","IMMENIDEVLTR","GTALQDLETK"
"GFBM_DN119504_c1_g1_i1_g502227_m502227","SSTPDAGTSDLSISDPTSGIVR","LPTTNLYDDSTR","WQLYAAQTAK"
"GFBM_DN119528_c6_g1_i1_g506232_m506232","VLQLKPDLIAAR","ATVFLALGR","IAAYEAVGDLQSAITDLR"
"GFBM_DN119537_c1_g1_i1_g507342_m507342","ILVPSIASGAIIGK","ILVPNSTAGMIIGK","VNDFYPGTTER"
"GFBM_DN119557_c1_g2_i6_g508460_m508460","LYPLTIGNLR","LETSHNAFLEIADK","ALQEGIR"
"GFBM_DN119572_c1_g1_i1_g502952_m502952","CGNYEFETLLEVLDNIEPPTRPTDK",NA,NA
"GFBM_DN119586_c4_g1_i1_g501475_m501475","YVALESSSLIPVR","VASLQAVIMPVGITAK","EVASGQVFVVR"
"GFBM_DN119586_c8_g1_i1_g501546_m501546","GGSIIPR","DCLHPGLGVEHR","SSAIWTGDNTAEWGHLR"
"GFBM_DN119627_c3_g1_i1_g189500_m189500","ATGYGVALLPLLFGR","TVEINNTDAEGR","GIVYDTGGLSMK"
"GFBM_DN119656_c8_g1_i1_g189771_m189771","HLFVPVVR","DVGTFWR","LWNLPVHK"
"GFBM_DN119665_c1_g2_i1_g188154_m188154","AAVEEGIVPGGGVALLR",NA,NA
"GFBM_DN119679_c3_g1_i1_g188536_m188536","VNAAIQDCDR","LNPGSAALYAK","AISINPDSAVAHK"
"GFBM_DN119680_c3_g3_i1_g183955_m183955","SLQDLFEALVR","VALVALNSAAHNKPSLVR","ELLPSLQQSLHSDSAMMR"
"GFBM_DN119698_c2_g2_i1_g187637_m187637","SQGLFHGVVSVSGTPLDLWAK","TMVIYATQLGCPR","SALGPMAK"
"GFBM_DN119699_c3_g2_i2_g183772_m183772","TLDLPVYITR","TQLALLTAK","VMTIDPTEYK"
"GFBM_DN119699_c4_g1_i1_g183788_m183788","AGQTSYTGVIDAAR","FGLFLPR","VAVPMFR"
"GFBM_DN119710_c0_g4_i1_g22489_m22489","TCFSYVTEPLTWAEAR","HYFHDSSCDSLFGSLCEAVPIPA",NA
"GFBM_DN119748_c3_g4_i1_g25850_m25850","VGNNESFHYAR","FLAQFDR","NCSAMVYIPSR"
"GFBM_DN119753_c1_g3_i1_g29902_m29902","EVFSALVAK","ATDSAFSLGEGADGLGCVR","MLASDLAAQK"
"GFBM_DN119766_c0_g1_i1_g24038_m24038","HDISILWPNGIR","DTGIFDAVEYEDHPER","GVILPFAPEVYR"
"GFBM_DN119802_c1_g1_i1_g142789_m142789","IPLLESLYK","LLVPYVGEAIR","IPETSDETYNSVVTWGQAIGK"
"GFBM_DN119861_c6_g2_i1_g142293_m142293","EWLPELVEK","AISFVGSDQAGR","DMDAMSYR"
"GFBM_DN119875_c0_g1_i1_g146467_m146467","LHHILADDGPTSFK","QDHELEGVIVGQVGAR","FGVVSVQR"
"GFBM_DN119898_c2_g1_i3_g141359_m141359","DQVSASVGAMAK",NA,NA
"GFBM_DN119898_c2_g2_i1_g141328_m141328","YSILSTQIAK",NA,NA
"GFBM_DN119913_c7_g1_i1_g334615_m334615","ECADLWPR","VTVGLPVGAVVNCADNTGAK","NLYVISVK"
"GFBM_DN119917_c1_g2_i1_g334240_m334240","TIDFFVDVLPK","QLLVVPSVQTEISK","QGNPLPR"
"GFBM_DN119918_c0_g1_i1_g336888_m336888","HSTVQLPK","MTLDGQNIYTACCTLR","LTSLNVR"
"GFBM_DN119933_c2_g4_i1_g338293_m338293","SLGTAHVVFTR","KPPTVADLDAELDAYANQVSK","VDMALDDIIK"
"GFBM_DN119980_c5_g1_i1_g339948_m339948","LLQEIVAAGYHGR","GCFVYEK","DMSEAGIAR"
"GFBM_DN120053_c3_g1_i1_g385024_m385024","LAATGQALAALR","IVDSDEILAR",NA
"GFBM_DN120054_c0_g1_i1_g383145_m383145","TVSVHPLPISIPYER","SVQCFADSPDTTDR","TLFGLDWCDR"
"GFBM_DN120109_c0_g1_i2_g349298_m349298","LIEEYPEHR","ILQDTSLVTR","ISNFISSSR"
"GFBM_DN120171_c0_g1_i1_g348253_m348253","DALLLWCQR","DGALGSSLTLHK","SIITYVASYYHTFAR"
"GFBM_DN120174_c2_g1_i1_g343956_m343956","HFQENDLANFPLSVFR","VNLDKPQGEVR","VLLVPTPGLR"
"GFBM_DN120190_c4_g1_i1_g347303_m347303","GVTHNIPLLR","TVAVHSDVDSYAPHVK","IAWDDNQAR"
"GFBM_DN120211_c1_g1_i4_g216250_m216250","NSHETLISLR","LQSNEISSFTFEILGEFTK","TVEEGAFR"
"GFBM_DN120220_c8_g11_i1_g218445_m218445","FFFLSGTEDVLR",NA,NA
"GFBM_DN120231_c2_g3_i1_g213863_m213863","TLQELVSNFK","STVDVFVDNNEDSMR","SIPLFVHWMGGR"
"GFBM_DN120234_c14_g1_i1_g213313_m213313","KPAEITEEEYQEFYK","GVVDSDDLPLNVSR","LIINSLYR"
"GFBM_DN120240_c0_g1_i1_g213928_m213928","MDSQCQAATAATTTK","QYSALAAQCGR","LNLSELQSLLK"
"GFBM_DN120268_c1_g2_i6_g217232_m217232","HSLPPGLQVK",NA,NA
"GFBM_DN120277_c0_g1_i2_g215813_m215813","AVGLPLELK","EQMTGYDEVNGKPVEALGK",NA
"GFBM_DN120280_c6_g1_i1_g217333_m217333","TLGTDGVLLYPSAPTLAPYHR","EALQEALR","GVGLSQAPENVTILAAGPITR"
"GFBM_DN120281_c3_g1_i3_g218496_m218496","WVGHVDDIAYLFPNSEFFR","GFFSFQGIPYAKPPVGK","IGDHLSCGVDPK"
"GFBM_DN120288_c8_g1_i1_g214838_m214838","NFDYHYYGDR","NPNGCPIEMSFFVTHSWNDYTLVNK",NA
"GFBM_DN120306_c2_g3_i1_g37219_m37219","VQGPCEVLGCLHGGVCSLTASNDVK","GAIVGQVLSLTTPR","QVPATVESGPR"
"GFBM_DN120323_c1_g1_i1_g42371_m42371","AAVVHGVELR","HHTEIVFAR","EAFNNAYLELGGLGER"
"GFBM_DN120331_c4_g1_i1_g40909_m40909","DITYFVQSLLR","ITEQLSGGR","FLEQCIFK"
"GFBM_DN120336_c0_g1_i2_g38997_m38997","GAIVISPFGYETEHIETITK","APAISNTQWEVVR","SVLVIAR"
"GFBM_DN120339_c1_g1_i2_g36609_m36609","GGLCVADEVQTGFGR","TGDHFWGFEGHGVMPDIVTMAK","DSPVQSLR"
"GFBM_DN120397_c0_g1_i1_g36621_m36621","IGNTGGMMDNILHSK","TILALMTK","SAYDSTLETLQFPQIR"
"GFBM_DN120398_c2_g2_i1_g41280_m41280","VICTPHLGANTEEAQQR","TLAIIGLGR","VAQEIAEQIVAGR"
"GFBM_DN120402_c2_g1_i2_g589154_m589154","GLLQSCTHDDYVR","DQLNALAEFR","TSLTVGK"
"GFBM_DN120422_c0_g1_i1_g583884_m583884","SLFTHENSR","GSFFIETPLTSPAGVWFTDR","SISPEIIYIDTLADGVSNDDR"
"GFBM_DN120437_c1_g1_i1_g584466_m584466","GDLMTLFR","HAQPALLYLVPACLAAPALLAVCK",NA
"GFBM_DN120469_c2_g2_i10_g584863_m584863","AIIVNTPNNPLGK","EHQSIGEDYIR","IGWTIGPAQLLAGPK"
"GFBM_DN120478_c0_g1_i10_g588425_m588425","ETPQGLQVVLPQLAEVAGQWAWVLK","MEGVEAVK","DDAVYGIVLNWPAGDVITLSSVR"
"GFBM_DN120478_c0_g1_i5_g588380_m588380","HGSYYTCTDR","WGSGIACK","SQWVWVLK"
"GFBM_DN120478_c0_g4_i1_g588394_m588394","HHEGFTLWPSEK","TDYFVTGK","YDATWASLDTRPLPAWYDEAK"
"GFBM_DN120491_c0_g4_i2_g584459_m584459","GLIVDTSR","HIYTSDDIR","AIVQYGR"
"GFBM_DN120499_c2_g1_i11_g588283_m588283","GVTSFVAADGCEVGYPDGFAR","VTSFLDWIETQTGIAIDP",NA
"GFBM_DN120499_c2_g2_i1_g588231_m588231","GVTSFVSSDGCEAGLPDGFTR",NA,NA
"GFBM_DN120505_c6_g1_i1_g627666_m627666","NGPLVLEIATYR","GFCHLYSGQEAICVGMR","YCQEYCPK"
"GFBM_DN120512_c1_g3_i1_g625257_m625257","LVSHGDCWNNNFLFR","LLDLQVNR","YSTGGVPQECR"
"GFBM_DN120530_c5_g7_i1_g625477_m625477","TVQSTITLDGNK","MANTATPVVEISEADGTYSMK",NA
"GFBM_DN120544_c1_g3_i2_g623508_m623508","ALTSVDPK","VDIIVNETGNR","LTPSIVTFEENEVHVGEAAK"
"GFBM_DN120544_c1_g3_i5_g623515_m623515","LTPSIVTFEENLVHVGEAAK","YSEESVQEDIK","ALTSVDHK"
"GFBM_DN120561_c5_g2_i1_g631105_m631105","LGLAQHIFDK","TTVVQLNNLNR","SLNYLFTGNAFGDQSIQRPGLAK"
"GFBM_DN120562_c0_g4_i2_g623627_m623627","VLDHGVAR","LTDGVVK","LAQWFFGLPLESR"
"GFBM_DN120581_c0_g1_i1_g630888_m630888","GFGGILSIK","QACAYDVFK","TEPVVVIR"
"GFBM_DN120601_c2_g1_i1_g627923_m627923","NPALGFRPLPR","AENVESTLIWYK","NLPGQQDVCK"
"GFBM_DN120629_c4_g1_i1_g135820_m135820","TVPQHLR","AGVEAFTK","DIGVQMIPLR"
"GFBM_DN120701_c12_g2_i1_g136883_m136883","QAEQDNTVSEASPHIANIGK","NTLNEIYFGK","GCWDSIHVVEVIEK"
"GFBM_DN120711_c10_g1_i2_g89178_m89178","LLYGHGNSVIIR","LFIYDGK","FSPDGENFASGGFDGR"
"GFBM_DN120726_c0_g1_i3_g82101_m82101","AQVLDDGLNLAR",NA,NA
"GFBM_DN120754_c4_g1_i1_g81660_m81660","DLAICVK","SDGGFVWACK","TEYEAAGVWYEHR"
"GFBM_DN120756_c2_g1_i3_g88535_m88535","ENTINLIHMFR","ILEDTLTVK","VFMQEFK"
"GFBM_DN120763_c5_g1_i1_g83505_m83505","FVEFLQR","AVPVFIK","NAVWALSNLCR"
"GFBM_DN120797_c1_g1_i4_g85276_m85276","EAGPFWPHLLK",NA,NA
"GFBM_DN120798_c0_g1_i1_g88122_m88122","GADLLTSLLK","LVQTPLTDR","IFVFEPPPGVR"
"GFBM_DN120801_c4_g5_i1_g85872_m85872","GASEGQGLGNAFLSHIK","ACDALFHLTR","VGIVGLPNVGK"
"GFBM_DN120843_c7_g2_i3_g302523_m302523","IIPEFMCQGGDFTR","HVVFGAVTEGMDIVK","VYFDIAADGKPLGR"
"GFBM_DN120911_c6_g6_i2_g176785_m176785","GAANAVQIFGGAGFNTDYPVEK","IFQIYEGTSQIQR","ANWYFVLAR"
"GFBM_DN120936_c2_g3_i3_g175643_m175643","AGTFQEEGVIVGQVGAR","EQPPLLLENYLSYDEMR","VESDTNIATPPAPVCK"
"GFBM_DN120957_c12_g1_i1_g173244_m173244","QPILHGLCSLGIAVR","LGVHGLAQTLAR","GALHPASNEEAAGLLATVLEELQQK"
"GFBM_DN120977_c3_g1_i1_g175455_m175455","HEPDHEGQVDYSR","DLGPEQGAAQEAALVANLK","VAANLSWLFAEAGSTVAAR"
"GFBM_DN121033_c14_g1_i1_g721233_m721233","TVFDEAIR","YLECSALTQK","HHCPSTPIILVGTK"
"GFBM_DN121052_c10_g1_i1_g720680_m720680","GVGGDTHLGGSDIDMVLLDHFLK","VLSPEQISAMVLK","VAFDGSEIYVGEAAK"
"GFBM_DN121054_c5_g1_i1_g721459_m721459","VGFETAEFVFHR","SEIDSTLTSLPGLIIGIGR","GTFSGIEHGDAEHSFQLSR"
"GFBM_DN123140_c0_g1_i1_g101568_m101568","DAVVGDIVTVGECRPLSK","CPFTGNVSIR","ILTGMITK"
"GFBM_DN132207_c0_g1_i1_g75174_m75174","VLAHQLMHDAFISAAER","FSAAGASVAQIQPLLDNQLGALNMK","DVNTGDACILYTITK"
"GFBM_DN134195_c0_g1_i1_g333449_m333449","VFFDVSIGGQPAGR","FEDENFTLK",NA
"GFBM_DN139156_c0_g1_i1_g199031_m199031","ALDLAVIGHEVTTER","RPVQLMHK",NA
"GFBM_DN141452_c0_g1_i1_g177404_m177404","FDLDHITR","FSMSSGLVDAVCPR","ESDLLGQCDITYK"
"GFBM_DN14304_c0_g2_i1_g877177_m877177","VALIWEGR","DITAGIR","AGLVSALINYNLR"
"GFBM_DN143184_c0_g1_i1_g277621_m277621","LTDGCSFR","ISYVFSHAQSVVLCK",NA
"GFBM_DN150995_c0_g1_i1_g715731_m715731","QNYTTEATASDDEGVLEAR","GAGLLLECVQPMR",NA
"GFBM_DN151135_c0_g1_i1_g391097_m391097","AGAIAPCIVTVPAQNTGLGPEK","GHIDNIPGLEK","TSFFQALQIPTK"
"GFBM_DN151900_c0_g1_i1_g791460_m791460","FLEMTVR","GSVLVVFK","QIEYYFGNYNLPR"
"GFBM_DN152540_c0_g1_i1_g78723_m78723","CASCGYPCAR",NA,NA
"GFBM_DN162698_c0_g1_i1_g596028_m596028","LITPSVVSER","HHAQIVYTR",NA
"GFBM_DN162775_c0_g1_i1_g77441_m77441","ASCGLFDVSHMLQTR","GSSAELEVR","TVLHDFHCNNGAK"
"GFBM_DN163473_c0_g1_i1_g436873_m436873","TLGINALHIR",NA,NA
"GFBM_DN175386_c0_g1_i1_g561742_m561742","DGCLNFIEENDEVLVAGFGR",NA,NA
"GFBM_DN18343_c0_g1_i1_g902349_m902349","GLVPLWCR","IQTQPGFVSTLR","FGFYEVFK"
"GFBM_DN18377_c0_g1_i1_g902356_m902356","YQVSWLADSNAAPSGVQDIK","IAYISDFTLTCSNGAK",NA
"GFBM_DN20283_c0_g1_i1_g842994_m842994","IMLHPSR",NA,NA
"GFBM_DN2147_c0_g1_i1_g909904_m909904","LATVSLPR",NA,NA
"GFBM_DN22975_c0_g1_i1_g906946_m906946","SNDEGTTDRPYEHALVAGIAR","YSVSDLPFEK",NA
"GFBM_DN23785_c0_g1_i1_g807190_m807190","SNYNFEKPFLWLAR","FNVWDTAGQEK","NVPNWHR"
"GFBM_DN32576_c0_g1_i1_g932944_m932944","QHYCVSCAIHSK",NA,NA
"GFBM_DN3694_c0_g1_i2_g826276_m826276","AFAVQQSFCAYR",NA,NA
"GFBM_DN39623_c0_g1_i1_g820002_m820002","AAAHWDALQYEIR","AEVLNTFDIGTNVR","GMASLNTGAEITR"
"GFBM_DN41043_c0_g1_i1_g808830_m808830","NIYYLPEVHQLYSR","MMEFFSEVLPK",NA
"GFBM_DN41600_c0_g1_i1_g810602_m810602","GFAFINFK","VTNLSESTR","YGLSSTDK"
"GFBM_DN43121_c0_g1_i1_g833593_m833593","GVICIPK","TAAQILIR","IVAMATK"
"GFBM_DN4548_c0_g1_i1_g797692_m797692","GCGIIEFETAELAQK","AIDNMHR",NA
"GFBM_DN49047_c0_g1_i1_g870796_m870796","EVTWTILYR","IAPGHGSTLVK","LQLCSFSGIK"
"GFBM_DN49302_c0_g1_i1_g792914_m792914","HLEELEECTR","NQYDNDVTIWSPQGR","LHQVEYAMEAVK"
"GFBM_DN50189_c0_g1_i1_g838535_m838535","TVGTGVFTNIGK","TTLTAAITK","EHLTLAK"
"GFBM_DN50444_c0_g1_i1_g834411_m834411","TLAQNSGHDPLDCLVK","SPDQGFVIINQK","IIAEGFDIAK"
"GFBM_DN51945_c0_g1_i1_g879411_m879411","SVFAEIMR","AFPANAACFLGYEVAMK","GTCATLLR"
"GFBM_DN54805_c0_g1_i1_g798642_m798642","ACDADFHGADFFTEPILAEQHEGVR","CFTTQCTDAIADQINR",NA
"GFBM_DN6091_c0_g1_i1_g902092_m902092","HLYHELYLK",NA,NA
"GFBM_DN64616_c0_g1_i1_g806779_m806779","KPIIIDAAGHLK","LAAFVAK","CEQIALSGPFYR"
"GFBM_DN66499_c0_g1_i1_g901104_m901104","LVFSFKPTPVIK","LASGGQWTEVTSR","ACTSAMNLSK"
"GFBM_DN69343_c0_g1_i1_g874085_m874085","LLSGVTIAQGGVLPNIQAVLLPK",NA,NA
"GFBM_DN70850_c0_g1_i1_g827848_m827848","LFSWQTR","ALTVLESLNGGTAK","FAMPKPLQPIASR"
"GFBM_DN72418_c0_g1_i1_g882897_m882897","AHQLVMEGYNWCHDR","SPDTNYLFMGDYVDR","SPVTVCGDVHGQFHDLMELFK"
"GFBM_DN72967_c0_g1_i1_g931808_m931808","VTSTSIR",NA,NA
"GFBM_DN73121_c0_g1_i1_g829187_m829187","LSCGGHGYLSSSNLPR","HSQVTEDGEYVKPASSK","SLPGITVGEIGPR"
"GFBM_DN73906_c0_g1_i1_g874241_m874241","LDLVFHNIR","FIAGGHLHCK","VGGIVETNRPDSK"
"GFBM_DN7477_c0_g1_i1_g888542_m888542","NAVTLALTR","VTDNIYCCR","TSSGTFVTNR"
"GFBM_DN75144_c0_g1_i1_g851303_m851303","TFVQAAIYDEFVEK","VQLAEAADVDAAVAAAR","DSVGGGTIDVINPATEK"
"GFBM_DN75620_c0_g1_i1_g868731_m868731","VLESLTGQKPVFSK",NA,NA
"GFBM_DN76223_c0_g1_i1_g893187_m893187","GDFGGYYCPCHGSHYDAAGR","TLVVTWR",NA
"GFBM_DN76405_c0_g1_i1_g865708_m865708","APHYVNMVK","MGQLVDIK",NA
"GFBM_DN76836_c0_g1_i1_g915934_m915934","LVDLPDAFIVGAGAGPHK","DPGLDLR","DLFVPSLEEVSSVLQR"
"GFBM_DN77167_c0_g1_i1_g931296_m931296","APVQLFTLEGR","YATALYSAATK",NA
"GFBM_DN77313_c0_g1_i1_g864874_m864874","IWALVSEDTR","HFHMPTINVDK",NA
"GFBM_DN77628_c0_g1_i1_g856747_m856747","ILVNISK","EVLAMEAFAR","ILSHGINVFINR"
"GFBM_DN77694_c0_g1_i1_g856603_m856603","IHDAVEFPLPGLAER","NVLLHGPPGTGK","LTEGMSGR"
"GFBM_DN78057_c0_g1_i2_g865290_m865290","AIQDNQEAFVR","NQPQFVQMTQMMR","SNPQLLDAFLQQIR"
"GFBM_DN78253_c0_g1_i1_g845665_m845665","VLVHNVR","GIDNPVR","ELEVLMMQHR"
"GFBM_DN78717_c0_g1_i1_g890719_m890719","LNVSYPATGCQK","QGVLTNNR","GCVVDSNLSVLALVIVK"
"GFBM_DN79133_c0_g1_i1_g913024_m913024","VGDIIWNFEK",NA,NA
"GFBM_DN79660_c0_g1_i1_g910244_m910244","GIPEFWLTIFK","NVDLLAEMLQDHDEPILTSLTDVK","YLGNPSGYVDSLPK"
"GFBM_DN79936_c0_g1_i1_g921741_m921741","LFKPGTENTVITNAVAK","LVAPYPVLWEK","SGELVAQFK"
"GFBM_DN81146_c0_g1_i1_g877671_m877671","AITEIVQSATK","EIHFSVKPNQSAK",NA
"GFBM_DN81996_c0_g1_i2_g923301_m923301","QLDAGALHSWLTR","NVVEEGMR","IGTAYQAPEVCTGFGQYFAIPMLR"
"GFBM_DN82159_c0_g1_i1_g823060_m823060","CYTCPLMHR","VFDDLYYMAVK","LFHNFWR"
"GFBM_DN82390_c0_g1_i1_g936187_m936187","FMALLNAHLLTR","AAYVNTNR","TYLVGER"
"GFBM_DN82398_c0_g1_i1_g936052_m936052","AQCVDLIALKPDLVITEK","GVSDLAQHFLSK","ACTVLLR"
"GFBM_DN83034_c1_g1_i1_g894997_m894997","TGVPQYR","SDCSYTDDEFDVNFEYTPLR",NA
"GFBM_DN83121_c0_g1_i1_g828046_m828046","GLPQWSPEVLR","GSYNEGAEVFQAAEAK","GVVGIDIAGSHAEDGAK"
"GFBM_DN83267_c0_g1_i1_g792564_m792564","INFPLTK","IVLYDTLLQDYTPLNSK","HNEYQADEFAVGLGYQK"
"GFBM_DN83584_c0_g1_i1_g859068_m859068","AGHQTSAESWGTGR","TQEVPLVVEDALQDITK","LNLLQLAPGGHVGR"
"GFBM_DN83606_c0_g1_i1_g904431_m904431","VASLPETLPALNWSQYQAK","QYESLTIPYPQDVYSSK",NA
"GFBM_DN83751_c0_g1_i1_g839208_m839208","AHLDVGLAR","VGLTNYAACYCTGLLLAR","QFSQYAK"
"GFBM_DN83950_c0_g1_i1_g797161_m797161","EACGGHGYLAASGFGNLR","VPLENLLNR","AAIDDGPLAEDR"
"GFBM_DN83959_c0_g1_i1_g797274_m797274","GTEFEGALIALFHLLATR","AFSPATVNTGR","TWIDVSGSSAK"
"GFBM_DN84208_c0_g1_i1_g885182_m885182","LSDIFNGADLR","TLMELLNQMDGFDSLGQVK","VALDMTTLTIMR"
"GFBM_DN84920_c0_g1_i1_g839831_m839831","TLPNLAISPVLAR","STSVAELLDLR",NA
"GFBM_DN85064_c0_g1_i2_g880265_m880265","IVTIMNNPR",NA,NA
"GFBM_DN85640_c0_g1_i1_g855485_m855485","SYEALGEAAK","IPTTQHGIMQEVTLNTK",NA
"GFBM_DN86765_c0_g1_i1_g844921_m844921","EAPLSGAVFEITGLGTK","VICIDPSSGR","SVAMPVK"
"GFBM_DN86840_c0_g1_i1_g862534_m862534","DFLAGGIAAAISK","SFDPVSFAK","GNLANVIR"
"GFBM_DN87316_c0_g1_i1_g834596_m834596","SVGSNNQYSAVHR","LLVQSCSVHEEPTFLDYIR","TLDPVWKPIVIPAR"
"GFBM_DN87316_c0_g2_i1_g834601_m834601","EIGQTSLIELGR","SDPVCILYSK","QVLQFHVFDWDNK"
"GFBM_DN87414_c0_g1_i1_g875678_m875678","SADPVEAALDAGYR","YQQPEMTQFCK","SIGVSNYSVK"
"GFBM_DN88430_c0_g1_i1_g815117_m815117","VTPDVAWSLVR","QDLEMTALAR","NNHAYIMK"
"GFBM_DN8856_c0_g1_i1_g928983_m928983","LSFGAPLLK","LVIAGALIK","ITEIYEGTSEIQR"
"GFBM_DN88886_c0_g1_i1_g936766_m936766","AMVQATSR",NA,NA
"GFBM_DN89714_c0_g1_i1_g923553_m923553","NIAAHESVK","SLLPGTVCIILTGR","VSQNFLIATSVK"
"GFBM_DN89747_c0_g1_i1_g923737_m923737","QGGVFLNITTPYTR","TVFITGGGTGLGR","VPEEQWDALEQLIR"
"GFBM_DN89906_c0_g1_i1_g916237_m916237","EVAAFAQFGSDLDASTQQLLSR","EPMQTGIK",NA
"GFBM_DN89949_c0_g1_i1_g916518_m916518","TIAECLADELINAAK","YLPHSAGR",NA
"GFBM_DN89957_c0_g1_i1_g916587_m916587","LVSALLPER","SAVFTGDTLFLAGCGK","DGWRPPA"
"GFBM_DN90088_c0_g1_i1_g795702_m795702","GTVLIQGAR","SQDVYLR","YFGLAPGVPHSHSRPYVR"
"GFBM_DN90223_c0_g1_i1_g903045_m903045","AVYHATHR","DAASGGVVR","LLANMVYQYK"
"GFBM_DN90247_c0_g1_i1_g903051_m903051","LPSYLTIDMVR","AIVQFDSSQAR","EQQLTDQR"
"GFBM_DN90291_c0_g1_i1_g903220_m903220","YTSDNSLR","VVDASDVSSATVAVR","LIEATLQQK"
"GFBM_DN90674_c0_g1_i1_g887107_m887107","NHQSIAEER","VPSLSVLNSYWVAQDSTYK","HLNTLHR"
"GFBM_DN90854_c0_g1_i1_g869992_m869992","SLHDALCVVR","AVTIFIR","HAIQHLDSIAEAYPVDPK"
"GFBM_DN91462_c0_g1_i1_g855247_m855247","FGGAYYATTEAPFLHR","SNAFTSNTEHQQIVVSEFGTK","LAGVTATAHR"
"GFBM_DN91555_c1_g1_i1_g910736_m910736","VPTPDVSVVDLTVR","SSIFDAK","HMQTVDA"
"GFBM_DN91706_c0_g1_i1_g825027_m825027","GLNLYIR","WENDLTR",NA
"GFBM_DN91855_c0_g1_i1_g896006_m896006","IIIAALHACR","AINDLNGMDLVPEPK",NA
"GFBM_DN92201_c0_g1_i1_g857131_m857131","FLPLFDR","VVAVGQGVR","VVLEDTDYFLFR"
"GFBM_DN92261_c0_g1_i1_g860973_m860973","YTGATSIAGR","LVDIAIPCNNK","TAQSVGLMWWMLAR"
"GFBM_DN92458_c0_g1_i1_g811072_m811072","AYGGHFCHTCLR","AFLIEEQR","TLPGIKPARPSQQHR"
"GFBM_DN92479_c0_g2_i1_g811177_m811177","YLDLFLPIVR","NSPYWEPTALGVLAR","AQPALLLAALVPPLSR"
"GFBM_DN92487_c0_g1_i1_g811406_m811406","VSGIPMLESYGLHK","WGTSPEYR","FISTGLWSLSR"
"GFBM_DN92658_c0_g1_i4_g825609_m825609","DNLTLWTSDTQAEAEDGNEGEAN",NA,NA
"GFBM_DN92835_c0_g1_i1_g817100_m817100","LVEALCQEHQIR","QAYIADGLAR",NA
"GFBM_DN92931_c0_g1_i1_g798495_m798495","SILVEEHSILK","NYLEPIPTTQLVQR","VENITNHIGMVYSGMGPDYR"
"GFBM_DN93057_c0_g1_i1_g822404_m822404","TLCTHLR",NA,NA
"GFBM_DN93503_c0_g1_i1_g797881_m797881","LPTVFAK","GVFLVGAR","VGVPQESPALTVNR"
"GFBM_DN93671_c0_g1_i2_g929532_m929532","MFVGQIPR","LHHSTTMEGCSMPLVVK",NA
"GFBM_DN93702_c0_g1_i1_g900399_m900399","LLELHGDAGK","LIAEDVQGK","IFCIGFTER"
"GFBM_DN93708_c0_g1_i1_g900548_m900548","QVAMTEPLVDVVEAK","QVVTNSCLVK","TGFSTAPEAR"
"GFBM_DN93739_c0_g1_i1_g900539_m900539","ILNESVQNNTQILINCR",NA,NA
"GFBM_DN93796_c0_g1_i1_g900532_m900532","AIVDVAR","AVENSGTAIGLVCK","VFQVEYAQK"
"GFBM_DN94110_c0_g1_i1_g837158_m837158","DLAASLGR","VCFESVFESTLYTTHILR","DSNPDRPSFK"
"GFBM_DN94178_c0_g1_i1_g837187_m837187","LVEPYVTWGYPNLK","LNNPAGGWR",NA
"GFBM_DN94498_c0_g1_i1_g845193_m845193","TSTHFHVRPTLK","AIQKPGVGK","AAAKPDAAPAAK"
"GFBM_DN94580_c0_g1_i1_g814201_m814201","LVLEVAQHLGENTVR","AHGGYSVFAGVGER","GQAVHDIGSPISIPVGPATLGR"
"GFBM_DN94656_c0_g1_i1_g832372_m832372","AICLLDHPLSNTK","DALSTQIIIPQK","SPYLYPLYGLGELPQGFAR"
"GFBM_DN94667_c0_g1_i1_g832474_m832474","VCDYPSIQDYFGDSLSHTNTVR","SNYLHWLWQLK","AFCFSIAQALDK"
"GFBM_DN95091_c0_g1_i3_g833797_m833797","KPVNPLFEK","LVVIAHDVDPIEIVLFLPALCR",NA
"GFBM_DN95167_c0_g1_i1_g820209_m820209","VLNQQLTNHIR","IITTHIR","VHSPNVLNLTLIDLPGLTK"
"GFBM_DN95195_c0_g1_i1_g820493_m820493","HILVDTLDTTVGK","SLDSVASWGTDNIK","WTLYISR"
"GFBM_DN95568_c0_g1_i1_g802184_m802184","AFSVFGELEK","NLSTWVTNELFEK","QLYELFDK"
"GFBM_DN95631_c0_g1_i1_g885925_m885925","VENADELR",NA,NA
"GFBM_DN95809_c0_g1_i1_g818944_m818944","SEAPGVGAVLCR","VSGIVQASLER","NAGQTCVSANR"
"GFBM_DN95837_c0_g1_i1_g818796_m818796","VLPSITNEVLK","FDAGELITQR","EFTQAVELK"
"GFBM_DN95910_c0_g1_i1_g913802_m913802","LSGGTLR","AVVVQADYQR","LVAVETGAGWR"
"GFBM_DN95991_c0_g1_i1_g913959_m913959","VMNATPGCGYTYGFNK","GYYYEIR","QLNPQLPPIAR"
"GFBM_DN96218_c0_g1_i1_g863893_m863893","IPVTPVSYEDAHFIIR","HLTSQPHVAGTSAELHNAR","EATSGAVLAQSSPR"
"GFBM_DN96457_c0_g1_i1_g878271_m878271","IHGEVLQPSQPHR","SLSQPWLLCSQAYIGGR","FVEAASGQTLQVTNPASGK"
"GFBM_DN96742_c0_g1_i1_g933990_m933990","EIVTGLK","SLFTDDDNNEHLK","CDWSFNIK"
"GFBM_DN96933_c0_g1_i1_g841488_m841488","CSGLAAQIVSHNPDTNR",NA,NA
"GFBM_DN96966_c0_g1_i1_g841641_m841641","AAQGDMSGGGMPQMAGR","TCTLVLR","QLCDNAGFDSTNILNK"
"GFBM_DN97116_c0_g1_i1_g911845_m911845","IFHLDMTEQPYEPK","FSEDGETHAYMLSK","NVATGEDYPEVLEK"
"GFBM_DN97359_c0_g1_i1_g928115_m928115","GETIVTMTVEGPPPHEDNPR","TFVGVFK","VNLPPGGPGTSR"
"GFBM_DN97853_c0_g1_i1_g863307_m863307","DHASIQMNIAEVDEK",NA,NA
"GFBM_DN97994_c0_g1_i1_g792072_m792072","YAVAGFTECLR","SAYVLSK","EADAMWGGMTDTVK"
"GFBM_DN98126_c0_g1_i1_g928628_m928628","LTVNDFMR","GLVPQLVGVAPEK","ELGFLGLYK"
"GFBM_DN98253_c0_g1_i1_g808166_m808166","GYGDSEKPSSIK","YYFSQEGALSPPINYYR","EFLQVLGK"
"GFBM_DN98412_c0_g1_i1_g858532_m858532","AAQPSVLHPQIGLLFNHIK","GSGWGWLGYCPVNNK","HHQGYINNLK"
"GFBM_DN98718_c0_g1_i1_g810021_m810021","VCHAHPTCSEAFR","ITAVNEVSVLGPDGSTTDTVK","ALLNNSHYYHMAK"
"GFBM_DN98751_c0_g1_i1_g809680_m809680","LIASHSPVAVQVTK","IVGSQSLVNELCLTCR","VMWLELGDVFAR"
"GFBM_DN99055_c0_g1_i1_g802954_m802954","TYLKPSNTGK","SFPASGNGGVVEAVTK","GTGLIVDPENPLILPVLR"
"GFBM_N99216_c0_g2_i1_g866735_m866735","IACQDNGGDLAIITECNVFR","AGYALCQATIGTGPNASR",NA
"GFBM_DN99274_c0_g1_i1_g866698_m866698","GQWSPALTISK","VLLSICSLLTDPNPEDPLVPEIAR","ELQDLGR"
"GFBM_DN99367_c0_g1_i2_g821604_m821604","SLAPEYAK","IFSGDIK","LEEDMAK"
"GFBM_DN99544_c0_g1_i1_g841131_m841131","ILACDNLDDAAK","ALIALSNLR","LHGGSPANFLDVGGGATAEQVK"
"GFBM_DN99608_c0_g1_i1_g813903_m813903","GGYVCHLGVVEGLLK","SLADLLNGK","QVLTAEADQR"
"GFBM_DN99610_c0_g1_i1_g813364_m813364","EFNALLLSDGVK","GLITPIVFSADAK","LSFNDFIIK"
"GFBM_DN99659_c0_g1_i1_g813721_m813721","NNEVFEEATSHEGSK","IAADYPLVGGHK","ASWDSTFCAVNPK"
"GFBM_DN99921_c0_g1_i1_g916829_m916829","TWFNQPAR","GFTIHELR","AIAPRPLGLLRPIVR"
"GFBM_DN99936_c0_g1_i1_g917225_m917225","AAVEALLEEQFQSGR","LLACVASRPGQCGR",NA
